BK	CH	VS	OL_REF	LANG	TOKEN_NO	TOKEN	CANON_TOKEN	ATOM_VALUE	ATOM_TYPE	STATUS	REASON	SEED_LEXEME_OCCURRENCES	OL_TEXT	COVERAGE_CLASS	SEMANTIC_VALUE	AUDIT_REASON
1CH	7	35	1CH 7:35	HEB	6	וְשֵׁ֥לֶשׁ	וְשֵׁלֶשׁ	3	cardinal	NOVEL_NUMERIC_CANDIDATE		0	וּבֶן־הֵ֖לֶם אָחִ֑יו צוֹפַ֥ח וְיִמְנָ֖ע וְשֵׁ֥לֶשׁ וְעָמָֽל׃	EXCLUDED_LEXICAL_HOMOGRAPH		Pointed OL form is lexical/non-numeric in this context; excluded from the numeric index.
1CH	7	37	1CH 7:37	HEB	4	וְשִׁלְשָׁ֛ה	וְשִׁלְשָׁה	3	cardinal	NOVEL_NUMERIC_CANDIDATE		0	בֶּ֣צֶר וָה֗וֹד וְשַׁמָּ֧א וְשִׁלְשָׁ֛ה וְיִתְרָ֖ן וּבְאֵרָֽא׃	EXCLUDED_LEXICAL_HOMOGRAPH		Pointed OL form is lexical/non-numeric in this context; excluded from the numeric index.
1CH	11	11	1CH 11:11	HEB	11	הַשָּׁ֣לִישִׁ֔ים	הַשָּׁלִישִׁים	3	ordinal	NOVEL_NUMERIC_CANDIDATE		0	וְאֵ֛לֶּה מִסְפַּ֥ר הַגִּבֹּרִ֖ים אֲשֶׁ֣ר לְדָוִ֑יד יָשָׁבְעָ֣ם בֶּן־חַכְמוֹנִ֗י רֹ֚אשׁ *הַשְּׁלוֹשִׁים **הַשָּׁ֣לִישִׁ֔ים הֽוּא־עוֹרֵ֧ר אֶת־חֲנִית֛וֹ עַל־שְׁלֹשׁ־מֵא֥וֹת חָלָ֖ל בְּפַ֥עַם אֶחָֽת׃	EXCLUDED_LEXICAL_HOMOGRAPH		Pointed OL form is lexical/non-numeric in this context; excluded from the numeric index.
1CH	11	21	1CH 11:21	HEB	3	בַשְּׁנַ֙יִם֙	בַשְּׁנַיִם	2	cardinal_or_ordinal	NOVEL_NUMERIC_CANDIDATE		0	מִן־הַשְּׁלוֹשָׁ֤ה בַשְּׁנַ֙יִם֙ נִכְבָּ֔ד וַיְהִ֥י לָהֶ֖ם לְשָׂ֑ר וְעַד־הַשְּׁלוֹשָׁ֖ה לֹֽא־בָֽא׃ ס	NUMERIC	2	Numeric twofold/double idiom; retained as semantic 2.
1CH	12	19	1CH 12:19	HEB	7	הַשָּׁלִישִׁים֒	הַשָּׁלִישִׁים	3	ordinal	NOVEL_NUMERIC_CANDIDATE		0	וְר֣וּחַ לָבְשָׁ֗ה אֶת־עֲמָשַׂי֮ רֹ֣אשׁ *הַשְּׁלוֹשִׁים **הַשָּׁלִישִׁים֒ לְךָ֤ דָוִיד֙ וְעִמְּךָ֣ בֶן־יִשַׁ֔י שָׁל֨וֹם_׀ שָׁל֜וֹם לְךָ֗ וְשָׁלוֹם֙ לְעֹ֣זְרֶ֔ךָ כִּ֥י עֲזָרְךָ֖ אֱלֹהֶ֑יךָ וַיְקַבְּלֵ֣ם דָּוִ֔יד וַֽיִּתְּנֵ֖ם בְּרָאשֵׁ֥י הַגְּדֽוּד׃ פ	EXCLUDED_LEXICAL_HOMOGRAPH		Pointed OL form is lexical/non-numeric in this context; excluded from the numeric index.
1CH	15	21	1CH 15:21	HEB	9	הַשְּׁמִינִ֖ית	הַשְּׁמִינִית	8	ordinal	NOVEL_NUMERIC_CANDIDATE		0	וּמַתִּתְיָ֣הוּ וֶאֱלִֽיפְלֵ֗הוּ וּמִקְנֵיָ֙הוּ֙ וְעֹבֵ֣ד_אֱדֹ֔ם וִֽיעִיאֵ֖ל וַעֲזַזְיָ֑הוּ בְּכִנֹּר֥וֹת עַל־הַשְּׁמִינִ֖ית לְנַצֵּֽחַ׃	EXCLUDED_LEXICAL_HOMOGRAPH		Pointed OL form is lexical/non-numeric in this context; excluded from the numeric index.
1CH	25	19	1CH 25:19	HEB	1	הַשְּׁנֵ֤ים	הַשְּׁנֵים	2	cardinal_or_ordinal	NOVEL_NUMERIC_CANDIDATE		0	הַשְּׁנֵ֤ים עָשָׂר֙ לַחֲשַׁבְיָ֔ה בָּנָ֥יו וְאֶחָ֖יו שְׁנֵ֥ים עָשָֽׂר׃	COMPOUND_COMPONENT	2	Genuine numeral morphology, but this token is a component of a larger semantic numeric expression and is not indexed independently.
1CH	27	15	1CH 27:15	HEB	1	הַשְּׁנֵ֤ים	הַשְּׁנֵים	2	cardinal_or_ordinal	NOVEL_NUMERIC_CANDIDATE		0	הַשְּׁנֵ֤ים עָשָׂר֙ לִשְׁנֵ֣ים עָשָׂ֣ר הַחֹ֔דֶשׁ חֶלְדַּ֥י הַנְּטוֹפָתִ֖י לְעָתְנִיאֵ֑ל וְעַל֙ מַחֲלֻקְתּ֔וֹ עֶשְׂרִ֥ים וְאַרְבָּעָ֖ה אָֽלֶף׃ פ	COMPOUND_COMPONENT	2	Genuine numeral morphology, but this token is a component of a larger semantic numeric expression and is not indexed independently.
1CH	29	7	1CH 29:7	HEB	17	וּשְׁמוֹנַ֥ת	וּשְׁמוֹנַת	8	cardinal	NOVEL_NUMERIC_CANDIDATE		0	וַֽיִּתְּנ֞וּ לַעֲבוֹדַ֣ת בֵּית־הָאֱלֹהִ֗ים זָהָ֞ב כִּכָּרִ֣ים חֲמֵֽשֶׁת־אֲלָפִים֮ וַאֲדַרְכֹנִ֣ים רִבּוֹ֒ וְכֶ֗סֶף כִּכָּרִים֙ עֲשֶׂ֣רֶת אֲלָפִ֔ים וּנְחֹ֕שֶׁת רִבּ֛וֹ וּשְׁמוֹנַ֥ת אֲלָפִ֖ים כִּכָּרִ֑ים וּבַרְזֶ֖ל מֵֽאָה־אֶ֥לֶף כִּכָּרִֽים׃	COMPOUND_COMPONENT	8	Genuine numeral morphology, but this token is a component of a larger semantic numeric expression and is not indexed independently.
1CO	3	8	1CO 3:8	GRK	7	ἕν	ἕν	1	cardinal	NOVEL_NUMERIC_CANDIDATE		0	ὁ φυτεύων δὲ καὶ ὁ ποτίζων ἕν εἰσιν, ἕκαστος δὲ τὸν ἴδιον μισθὸν λήμψεται κατὰ τὸν ἴδιον κόπον·	NUMERIC	1	Pointed OL form is a genuine cardinal, ordinal, fraction, or numeric scale in context.
1CO	6	16	1CO 6:16	GRK	9	ἓν	ἓν	1	cardinal	NOVEL_NUMERIC_CANDIDATE		0	[ἢ] οὐκ οἴδατε ὅτι ὁ κολλώμενος τῇ πόρνῃ ἓν σῶμά ἐστιν; Ἔσονται γάρ, φησίν, οἱ δύο εἰς σάρκα μίαν.	NUMERIC	1	Pointed OL form is a genuine cardinal, ordinal, fraction, or numeric scale in context.
1CO	6	17	1CO 6:17	GRK	6	ἓν	ἓν	1	cardinal	NOVEL_NUMERIC_CANDIDATE		0	ὁ δὲ κολλώμενος τῷ κυρίῳ ἓν πνεῦμά ἐστιν.	NUMERIC	1	Pointed OL form is a genuine cardinal, ordinal, fraction, or numeric scale in context.
1CO	10	17	1CO 10:17	GRK	4	ἓν	ἓν	1	cardinal	NOVEL_NUMERIC_CANDIDATE		0	ὅτι εἷς ἄρτος, ἓν σῶμα οἱ πολλοί ἐσμεν, οἱ γὰρ πάντες ἐκ τοῦ ἑνὸς ἄρτου μετέχομεν.	NUMERIC	1	Pointed OL form is a genuine cardinal, ordinal, fraction, or numeric scale in context.
1CO	11	5	1CO 11:5	GRK	14	ἓν	ἓν	1	cardinal	NOVEL_NUMERIC_CANDIDATE		0	πᾶσα δὲ γυνὴ προσευχομένη ἢ προφητεύουσα ἀκατακαλύπτῳ τῇ κεφαλῇ καταισχύνει τὴν κεφαλὴν αὐτῆς· ἓν γάρ ἐστιν καὶ τὸ αὐτὸ τῇ ἐξυρημένῃ.	NUMERIC	1	Pointed OL form is a genuine cardinal, ordinal, fraction, or numeric scale in context.
1CO	12	11	1CO 12:11	GRK	6	ἓν	ἓν	1	cardinal	NOVEL_NUMERIC_CANDIDATE		0	πάντα δὲ ταῦτα ἐνεργεῖ τὸ ἓν καὶ τὸ αὐτὸ πνεῦμα διαιροῦν ἰδίᾳ ἑκάστῳ καθὼς βούλεται.	NUMERIC	1	Pointed OL form is a genuine cardinal, ordinal, fraction, or numeric scale in context.
1CO	12	12	1CO 12:12	GRK	5	ἕν	ἕν	1	cardinal	NOVEL_NUMERIC_CANDIDATE		0	Καθάπερ γὰρ τὸ σῶμα ἕν ἐστιν καὶ μέλη πολλὰ ἔχει, πάντα δὲ τὰ μέλη τοῦ σώματος πολλὰ ὄντα ἕν ἐστιν σῶμα, οὕτως καὶ ὁ Χριστός·	NUMERIC	1	Pointed OL form is a genuine cardinal, ordinal, fraction, or numeric scale in context.
1CO	12	12	1CO 12:12	GRK	19	ἕν	ἕν	1	cardinal	NOVEL_NUMERIC_CANDIDATE		0	Καθάπερ γὰρ τὸ σῶμα ἕν ἐστιν καὶ μέλη πολλὰ ἔχει, πάντα δὲ τὰ μέλη τοῦ σώματος πολλὰ ὄντα ἕν ἐστιν σῶμα, οὕτως καὶ ὁ Χριστός·	NUMERIC	1	Pointed OL form is a genuine cardinal, ordinal, fraction, or numeric scale in context.
1CO	12	13	1CO 12:13	GRK	9	ἓν	ἓν	1	cardinal	NOVEL_NUMERIC_CANDIDATE		0	καὶ γὰρ ἐν ἑνὶ πνεύματι ἡμεῖς πάντες εἰς ἓν σῶμα ἐβαπτίσθημεν, εἴτε Ἰουδαῖοι εἴτε Ἕλληνες εἴτε δοῦλοι εἴτε ἐλεύθεροι, καὶ πάντες ἓν πνεῦμα ἐποτίσθημεν.	NUMERIC	1	Pointed OL form is a genuine cardinal, ordinal, fraction, or numeric scale in context.
1CO	12	13	1CO 12:13	GRK	22	ἓν	ἓν	1	cardinal	NOVEL_NUMERIC_CANDIDATE		0	καὶ γὰρ ἐν ἑνὶ πνεύματι ἡμεῖς πάντες εἰς ἓν σῶμα ἐβαπτίσθημεν, εἴτε Ἰουδαῖοι εἴτε Ἕλληνες εἴτε δοῦλοι εἴτε ἐλεύθεροι, καὶ πάντες ἓν πνεῦμα ἐποτίσθημεν.	NUMERIC	1	Pointed OL form is a genuine cardinal, ordinal, fraction, or numeric scale in context.
1CO	12	14	1CO 12:14	GRK	7	ἓν	ἓν	1	cardinal	NOVEL_NUMERIC_CANDIDATE		0	καὶ γὰρ τὸ σῶμα οὐκ ἔστιν ἓν μέλος ἀλλὰ πολλά.	NUMERIC	1	Pointed OL form is a genuine cardinal, ordinal, fraction, or numeric scale in context.
1CO	12	18	1CO 12:18	GRK	8	ἓν	ἓν	1	cardinal	NOVEL_NUMERIC_CANDIDATE		0	νυνὶ δὲ ὁ θεὸς ἔθετο τὰ μέλη, ἓν ἕκαστον αὐτῶν ἐν τῷ σώματι καθὼς ἠθέλησεν.	NUMERIC	1	Pointed OL form is a genuine cardinal, ordinal, fraction, or numeric scale in context.
1CO	12	19	1CO 12:19	GRK	6	ἓν	ἓν	1	cardinal	NOVEL_NUMERIC_CANDIDATE		0	εἰ δὲ ἦν τὰ πάντα ἓν μέλος, ποῦ τὸ σῶμα;	NUMERIC	1	Pointed OL form is a genuine cardinal, ordinal, fraction, or numeric scale in context.
1CO	12	20	1CO 12:20	GRK	6	ἓν	ἓν	1	cardinal	NOVEL_NUMERIC_CANDIDATE		0	νῦν δὲ πολλὰ μὲν μέλη, ἓν δὲ σῶμα.	NUMERIC	1	Pointed OL form is a genuine cardinal, ordinal, fraction, or numeric scale in context.
1CO	12	26	1CO 12:26	GRK	4	ἓν	ἓν	1	cardinal	NOVEL_NUMERIC_CANDIDATE		0	καὶ εἴτε πάσχει ἓν μέλος, συμπάσχει πάντα τὰ μέλη· εἴτε δοξάζεται [ἓν] μέλος, συγχαίρει πάντα τὰ μέλη.	NUMERIC	1	Pointed OL form is a genuine cardinal, ordinal, fraction, or numeric scale in context.
1CO	12	26	1CO 12:26	GRK	12	ἓν	ἓν	1	cardinal	NOVEL_NUMERIC_CANDIDATE		0	καὶ εἴτε πάσχει ἓν μέλος, συμπάσχει πάντα τὰ μέλη· εἴτε δοξάζεται [ἓν] μέλος, συγχαίρει πάντα τὰ μέλη.	NUMERIC	1	Pointed OL form is a genuine cardinal, ordinal, fraction, or numeric scale in context.
1JN	5	8	1JN 5:8	GRK	14	ἕν	ἕν	1	cardinal	NOVEL_NUMERIC_CANDIDATE		0	τὸ πνεῦμα καὶ τὸ ὕδωρ καὶ τὸ αἷμα, καὶ οἱ τρεῖς εἰς τὸ ἕν εἰσιν.	NUMERIC	1	Pointed OL form is a genuine cardinal, ordinal, fraction, or numeric scale in context.
1KI	1	15	1KI 1:15	HEB	3	שֶׁ֤בֶע	שֶׁבֶע	7	cardinal	NOVEL_NUMERIC_CANDIDATE		0	וַתָּבֹ֨א בַת־שֶׁ֤בֶע אֶל־הַמֶּ֙לֶךְ֙ הַחַ֔דְרָה וְהַמֶּ֖לֶךְ זָקֵ֣ן מְאֹ֑ד וַֽאֲבִישַׁג֙ הַשּׁ֣וּנַמִּ֔ית מְשָׁרַ֖ת אֶת־הַמֶּֽלֶךְ׃	EXCLUDED_LEXICAL_HOMOGRAPH		Pointed OL form is lexical/non-numeric in this context; excluded from the numeric index.
1KI	1	25	1KI 1:25	HEB	19	וְשֹׁתִ֖ים	וְשֹׁתִים	2	cardinal_or_ordinal	NOVEL_NUMERIC_CANDIDATE		0	כִּ֣י_׀ יָרַ֣ד הַיּ֗וֹם וַ֠יִּזְבַּח שׁ֥וֹר וּֽמְרִיא־וְצֹאן֮ לָרֹב֒ וַיִּקְרָא֩ לְכָל־בְּנֵ֨י הַמֶּ֜לֶךְ וּלְשָׂרֵ֤י הַצָּבָא֙ וּלְאֶבְיָתָ֣ר הַכֹּהֵ֔ן וְהִנָּ֛ם אֹכְלִ֥ים וְשֹׁתִ֖ים לְפָנָ֑יו וַיֹּ֣אמְר֔וּ יְחִ֖י הַמֶּ֥לֶךְ אֲדֹנִיָּֽהוּ׃	EXCLUDED_LEXICAL_HOMOGRAPH		Pointed OL form is lexical/non-numeric in this context; excluded from the numeric index.
1KI	1	28	1KI 1:28	HEB	8	שָׁ֑בַע	שָׁבַע	7	cardinal	NOVEL_NUMERIC_CANDIDATE		0	וַיַּ֨עַן הַמֶּ֤לֶךְ דָּוִד֙ וַיֹּ֔אמֶר קִרְאוּ־לִ֖י לְבַת־שָׁ֑בַע וַתָּבֹא֙ לִפְנֵ֣י הַמֶּ֔לֶךְ וַֽתַּעֲמֹ֖ד לִפְנֵ֥י הַמֶּֽלֶךְ׃	EXCLUDED_LEXICAL_HOMOGRAPH		Pointed OL form is lexical/non-numeric in this context; excluded from the numeric index.
1KI	4	20	1KI 4:20	HEB	10	וְשֹׁתִ֖ים	וְשֹׁתִים	2	cardinal_or_ordinal	NOVEL_NUMERIC_CANDIDATE		0	יְהוּדָ֤ה וְיִשְׂרָאֵל֙ רַבִּ֔ים כַּח֥וֹל אֲשֶׁר־עַל־הַיָּ֖ם לָרֹ֑ב אֹכְלִ֥ים וְשֹׁתִ֖ים וּשְׂמֵחִֽים׃	EXCLUDED_LEXICAL_HOMOGRAPH		Pointed OL form is lexical/non-numeric in this context; excluded from the numeric index.
1KI	6	8	1KI 6:8	HEB	15	הַשְּׁלִשִֽׁים׃	הַשְּׁלִשִׁים	30	cardinal	NOVEL_NUMERIC_CANDIDATE		0	פֶּ֗תַח הַצֵּלָע֙ הַתִּ֣יכֹנָ֔ה אֶל־כֶּ֥תֶף הַבַּ֖יִת הַיְמָנִ֑ית וּבְלוּלִּ֗ים יַֽעֲלוּ֙ עַל־הַתִּ֣יכֹנָ֔ה וּמִן־הַתִּֽיכֹנָ֖ה אֶל־הַשְּׁלִשִֽׁים׃	NUMERIC	3	Pointed OL form is a genuine cardinal, ordinal, fraction, or numeric scale in context.
1KI	13	6	1KI 13:6	HEB	29	כְּבָרִֽאשֹׁנָֽה׃	כְּבָרִאשֹׁנָה	1	ordinal	NOVEL_NUMERIC_CANDIDATE		0	וַיַּ֨עַן הַמֶּ֜לֶךְ וַיֹּ֣אמֶר_׀ אֶל־אִ֣ישׁ הָאֱלֹהִ֗ים חַל־נָ֞א אֶת־פְּנֵ֨י יְהוָ֤ה אֱלֹהֶ֙יךָ֙ וְהִתְפַּלֵּ֣ל בַּעֲדִ֔י וְתָשֹׁ֥ב יָדִ֖י אֵלָ֑י וַיְחַ֤ל אִישׁ־הָֽאֱלֹהִים֙ אֶת־פְּנֵ֣י יְהוָ֔ה וַתָּ֤שָׁב יַד־הַמֶּ֙לֶךְ֙ אֵלָ֔יו וַתְּהִ֖י כְּבָרִֽאשֹׁנָֽה׃	EXCLUDED_LEXICAL_HOMOGRAPH		Pointed OL form is lexical/non-numeric in this context; excluded from the numeric index.
1KI	22	7	1KI 22:7	HEB	9	מֵאוֹתֽוֹ׃	מֵאוֹתוֹ	100	scale100	NOVEL_NUMERIC_CANDIDATE		0	וַיֹּ֙אמֶר֙ יְה֣וֹשָׁפָ֔ט הַאֵ֨ין פֹּ֥ה נָבִ֛יא לַיהוָ֖ה ע֑וֹד וְנִדְרְשָׁ֖ה מֵאוֹתֽוֹ׃	EXCLUDED_LEXICAL_HOMOGRAPH		Pointed OL form is lexical/non-numeric in this context; excluded from the numeric index.
1KI	22	8	1KI 22:8	HEB	12	מֵאֹת֜וֹ	מֵאֹתוֹ	100	scale100	NOVEL_NUMERIC_CANDIDATE		0	וַיֹּ֣אמֶר מֶֽלֶךְ־יִשְׂרָאֵ֣ל_׀ אֶֽל־יְהוֹשָׁפָ֡ט ע֣וֹד אִישׁ־אֶחָ֡ד לִדְרֹשׁ֩ אֶת־יְהוָ֨ה מֵאֹת֜וֹ וַאֲנִ֣י שְׂנֵאתִ֗יו כִּ֠י לֹֽא־יִתְנַבֵּ֨א עָלַ֥י טוֹב֙ כִּ֣י אִם־רָ֔ע מִיכָ֖יְהוּ בֶּן־יִמְלָ֑ה וַיֹּ֙אמֶר֙ יְה֣וֹשָׁפָ֔ט אַל־יֹאמַ֥ר הַמֶּ֖לֶךְ כֵּֽן׃	EXCLUDED_LEXICAL_HOMOGRAPH		Pointed OL form is lexical/non-numeric in this context; excluded from the numeric index.
1SA	2	5	1SA 2:5	HEB	1	שְׂבֵעִ֤ים	שְׂבֵעִים	70	cardinal	NOVEL_NUMERIC_CANDIDATE		0	שְׂבֵעִ֤ים בַּלֶּ֙חֶם֙ נִשְׂכָּ֔רוּ וּרְעֵבִ֖ים חָדֵ֑לּוּ עַד־עֲקָרָה֙ יָלְדָ֣ה שִׁבְעָ֔ה וְרַבַּ֥ת בָּנִ֖ים אֻמְלָֽלָה׃	EXCLUDED_LEXICAL_HOMOGRAPH		Pointed OL form is lexical/non-numeric in this context; excluded from the numeric index.
1SA	2	13	1SA 2:13	HEB	16	הַשִּׁנַּ֖יִם	הַשִּׁנַּיִם	2	cardinal_or_ordinal	NOVEL_NUMERIC_CANDIDATE		0	וּמִשְׁפַּ֥ט הַכֹּהֲנִ֖ים אֶת־הָעָ֑ם כָּל־אִ֞ישׁ זֹבֵ֣חַ זֶ֗בַח וּבָ֨א נַ֤עַר הַכֹּהֵן֙ כְּבַשֵּׁ֣ל הַבָּשָׂ֔ר וְהַמַּזְלֵ֛ג שְׁלֹ֥שׁ־הַשִּׁנַּ֖יִם בְּיָדֽוֹ׃	EXCLUDED_LEXICAL_HOMOGRAPH		Pointed OL form is lexical/non-numeric in this context; excluded from the numeric index.
1SA	3	18	1SA 3:18	HEB	8	כִחֵ֖ד	כִחֵד	1	cardinal	NOVEL_NUMERIC_CANDIDATE		0	וַיַּגֶּד־ל֤וֹ שְׁמוּאֵל֙ אֶת־כָּל־הַדְּבָרִ֔ים וְלֹ֥א כִחֵ֖ד מִמֶּ֑נּוּ וַיֹּאמַ֕ר יְהוָ֣ה ה֔וּא הַטּ֥וֹב בְּעֵינָ֖ו יַעֲשֶֽׂה׃ פ	EXCLUDED_LEXICAL_HOMOGRAPH		Pointed OL form is lexical/non-numeric in this context; excluded from the numeric index.
1SA	9	4	1SA 9:4	HEB	6	שָׁלִ֖שָׁה	שָׁלִשָׁה	3	cardinal	NOVEL_NUMERIC_CANDIDATE		0	וַיַּעֲבֹ֧ר בְּהַר־אֶפְרַ֛יִם וַיַּעֲבֹ֥ר בְּאֶֽרֶץ־שָׁלִ֖שָׁה וְלֹ֣א מָצָ֑אוּ וַיַּעַבְר֤וּ בְאֶֽרֶץ־שַׁעֲלִים֙ וָאַ֔יִן וַיַּעֲבֹ֥ר בְּאֶֽרֶץ־יְמִינִ֖י וְלֹ֥א מָצָֽאוּ׃	EXCLUDED_LEXICAL_HOMOGRAPH		Pointed OL form is lexical/non-numeric in this context; excluded from the numeric index.
1SA	10	19	1SA 10:19	HEB	24	וּלְאַלְפֵיכֶֽם׃	וּלְאַלְפֵיכֶם	1000	scale1000	NOVEL_NUMERIC_CANDIDATE		0	וְאַתֶּ֨ם הַיּ֜וֹם מְאַסְתֶּ֣ם אֶת־אֱלֹהֵיכֶ֗ם אֲשֶׁר־ה֣וּא מוֹשִׁ֣יעַ לָכֶם֮ מִכָּל־רָעוֹתֵיכֶ֣ם וְצָרֹֽתֵיכֶם֒ וַתֹּ֣אמְרוּ ל֔וֹ כִּי־מֶ֖לֶךְ תָּשִׂ֣ים עָלֵ֑ינוּ וְעַתָּ֗ה הִֽתְיַצְּבוּ֙ לִפְנֵ֣י יְהוָ֔ה לְשִׁבְטֵיכֶ֖ם וּלְאַלְפֵיכֶֽם׃	EXCLUDED_LEXICAL_HOMOGRAPH		Pointed OL form is lexical/non-numeric in this context; excluded from the numeric index.
1SA	14	26	1SA 14:26	HEB	17	הַשְּׁבֻעָֽה׃	הַשְּׁבֻעָה	7	cardinal	NOVEL_NUMERIC_CANDIDATE		0	וַיָּבֹ֤א הָעָם֙ אֶל־הַיַּ֔עַר וְהִנֵּ֖ה הֵ֣לֶךְ דְּבָ֑שׁ וְאֵין־מַשִּׂ֤יג יָדוֹ֙ אֶל־פִּ֔יו כִּֽי־יָרֵ֥א הָעָ֖ם אֶת־הַשְּׁבֻעָֽה׃	EXCLUDED_LEXICAL_HOMOGRAPH		Pointed OL form is lexical/non-numeric in this context; excluded from the numeric index.
1SA	17	36	1SA 17:36	HEB	12	כְּאַחַ֣ד	כְּאַחַד	1	cardinal	NOVEL_NUMERIC_CANDIDATE		0	גַּ֧ם אֶֽת־הָאֲרִ֛י גַּם־הַדּ֖וֹב הִכָּ֣ה עַבְדֶּ֑ךָ וְֽ֠הָיָה הַפְּלִשְׁתִּ֨י הֶעָרֵ֤ל הַזֶּה֙ כְּאַחַ֣ד מֵהֶ֔ם כִּ֣י חֵרֵ֔ף מַעַרְכֹ֖ת אֱלֹהִ֥ים חַיִּֽים׃ ס	NUMERIC	1	Pointed OL form is a genuine cardinal, ordinal, fraction, or numeric scale in context.
1SA	18	6	1SA 18:6	HEB	21	וּבְשָׁלִשִֽׁים׃	וּבְשָׁלִשִׁים	30	cardinal	NOVEL_NUMERIC_CANDIDATE		0	וַיְהִ֣י בְּבוֹאָ֗ם בְּשׁ֤וּב דָּוִד֙ מֵהַכּ֣וֹת אֶת־הַפְּלִשְׁתִּ֔י וַתֵּצֶ֨אנָה הַנָּשִׁ֜ים מִכָּל־עָרֵ֤י יִשְׂרָאֵל֙ *לָשׁוּר **לָשִׁ֣יר וְהַמְּחֹל֔וֹת לִקְרַ֖את שָׁא֣וּל הַמֶּ֑לֶךְ בְּתֻפִּ֥ים בְּשִׂמְחָ֖ה וּבְשָׁלִשִֽׁים׃	EXCLUDED_LEXICAL_HOMOGRAPH		Pointed OL form is lexical/non-numeric in this context; excluded from the numeric index.
1SA	18	7	1SA 18:7	HEB	8	בַּאֲלָפָ֔יו	בַּאֲלָפָיו	1000	scale1000	NOVEL_NUMERIC_CANDIDATE		0	וַֽתַּעֲנֶ֛ינָה הַנָּשִׁ֥ים הַֽמְשַׂחֲק֖וֹת וַתֹּאמַ֑רְןָ הִכָּ֤ה שָׁאוּל֙ *בַּאֲלָפָו **בַּאֲלָפָ֔יו וְדָוִ֖ד בְּרִבְבֹתָֽיו׃	NUMERIC	1000	Pointed OL form is a genuine cardinal, ordinal, fraction, or numeric scale in context.
1SA	18	7	1SA 18:7	HEB	10	בְּרִבְבֹתָֽיו׃	בְּרִבְבֹתָיו	10000	scale10000	NOVEL_NUMERIC_CANDIDATE		0	וַֽתַּעֲנֶ֛ינָה הַנָּשִׁ֥ים הַֽמְשַׂחֲק֖וֹת וַתֹּאמַ֑רְןָ הִכָּ֤ה שָׁאוּל֙ *בַּאֲלָפָו **בַּאֲלָפָ֔יו וְדָוִ֖ד בְּרִבְבֹתָֽיו׃	NUMERIC	10000	Pointed OL form is a genuine cardinal, ordinal, fraction, or numeric scale in context.
1SA	20	19	1SA 20:19	HEB	1	וְשִׁלַּשְׁתָּ֙	וְשִׁלַּשְׁתָּ	3	cardinal	NOVEL_NUMERIC_CANDIDATE		0	וְשִׁלַּשְׁתָּ֙ תֵּרֵ֣ד מְאֹ֔ד וּבָאתָ֙ אֶל־הַמָּק֔וֹם אֲשֶׁר־נִסְתַּ֥רְתָּ שָּׁ֖ם בְּי֣וֹם הַֽמַּעֲשֶׂ֑ה וְיָ֣שַׁבְתָּ֔ אֵ֖צֶל הָאֶ֥בֶן הָאָֽזֶל׃	NUMERIC	3	Pointed OL form is a genuine cardinal, ordinal, fraction, or numeric scale in context.
1SA	21	12	1SA 21:12	HEB	18	בַּאֲלָפָ֔יו	בַּאֲלָפָיו	1000	scale1000	NOVEL_NUMERIC_CANDIDATE		0	וַיֹּ֨אמְר֜וּ עַבְדֵ֤י אָכִישׁ֙ אֵלָ֔יו הֲלוֹא־זֶ֥ה דָוִ֖ד מֶ֣לֶךְ הָאָ֑רֶץ הֲל֣וֹא לָזֶ֗ה יַעֲנ֤וּ בַמְּחֹלוֹת֙ לֵאמֹ֔ר הִכָּ֤ה שָׁאוּל֙ *בַּאֲלָפָו **בַּאֲלָפָ֔יו וְדָוִ֖ד *בְּרִבְבֹתָו **בְּרִבְבֹתָֽיו׃	NUMERIC	1000	Pointed OL form is a genuine cardinal, ordinal, fraction, or numeric scale in context.
1SA	21	12	1SA 21:12	HEB	20	בְּרִבְבֹתָו	בְּרִבְבֹתָו	10000	scale10000	NOVEL_NUMERIC_CANDIDATE		0	וַיֹּ֨אמְר֜וּ עַבְדֵ֤י אָכִישׁ֙ אֵלָ֔יו הֲלוֹא־זֶ֥ה דָוִ֖ד מֶ֣לֶךְ הָאָ֑רֶץ הֲל֣וֹא לָזֶ֗ה יַעֲנ֤וּ בַמְּחֹלוֹת֙ לֵאמֹ֔ר הִכָּ֤ה שָׁאוּל֙ *בַּאֲלָפָו **בַּאֲלָפָ֔יו וְדָוִ֖ד *בְּרִבְבֹתָו **בְּרִבְבֹתָֽיו׃	QERE_SUPERSEDED		Ketiv form superseded by the explicit qere form in the supplied OL source; not double-counted.
1SA	21	12	1SA 21:12	HEB	21	בְּרִבְבֹתָֽיו׃	בְּרִבְבֹתָיו	10000	scale10000	NOVEL_NUMERIC_CANDIDATE		0	וַיֹּ֨אמְר֜וּ עַבְדֵ֤י אָכִישׁ֙ אֵלָ֔יו הֲלוֹא־זֶ֥ה דָוִ֖ד מֶ֣לֶךְ הָאָ֑רֶץ הֲל֣וֹא לָזֶ֗ה יַעֲנ֤וּ בַמְּחֹלוֹת֙ לֵאמֹ֔ר הִכָּ֤ה שָׁאוּל֙ *בַּאֲלָפָו **בַּאֲלָפָ֔יו וְדָוִ֖ד *בְּרִבְבֹתָו **בְּרִבְבֹתָֽיו׃	NUMERIC	10000	Pointed OL form is a genuine cardinal, ordinal, fraction, or numeric scale in context.
1SA	29	5	1SA 29:5	HEB	11	בַּֽאֲלָפָ֔יו	בַּאֲלָפָיו	1000	scale1000	NOVEL_NUMERIC_CANDIDATE		0	הֲלוֹא־זֶ֣ה דָוִ֔ד אֲשֶׁ֧ר יַעֲנוּ־ל֛וֹ בַּמְּחֹל֖וֹת לֵאמֹ֑ר הִכָּ֤ה שָׁאוּל֙ בַּֽאֲלָפָ֔יו וְדָוִ֖ד *בְּרִבְבֹתָו **בְּרִבְבֹתָֽיו׃ ס	NUMERIC	1000	Pointed OL form is a genuine cardinal, ordinal, fraction, or numeric scale in context.
1SA	29	5	1SA 29:5	HEB	13	בְּרִבְבֹתָו	בְּרִבְבֹתָו	10000	scale10000	NOVEL_NUMERIC_CANDIDATE		0	הֲלוֹא־זֶ֣ה דָוִ֔ד אֲשֶׁ֧ר יַעֲנוּ־ל֛וֹ בַּמְּחֹל֖וֹת לֵאמֹ֑ר הִכָּ֤ה שָׁאוּל֙ בַּֽאֲלָפָ֔יו וְדָוִ֖ד *בְּרִבְבֹתָו **בְּרִבְבֹתָֽיו׃ ס	QERE_SUPERSEDED		Ketiv form superseded by the explicit qere form in the supplied OL source; not double-counted.
1SA	29	5	1SA 29:5	HEB	14	בְּרִבְבֹתָֽיו׃	בְּרִבְבֹתָיו	10000	scale10000	NOVEL_NUMERIC_CANDIDATE		0	הֲלוֹא־זֶ֣ה דָוִ֔ד אֲשֶׁ֧ר יַעֲנוּ־ל֛וֹ בַּמְּחֹל֖וֹת לֵאמֹ֑ר הִכָּ֤ה שָׁאוּל֙ בַּֽאֲלָפָ֔יו וְדָוִ֖ד *בְּרִבְבֹתָו **בְּרִבְבֹתָֽיו׃ ס	NUMERIC	10000	Pointed OL form is a genuine cardinal, ordinal, fraction, or numeric scale in context.
1SA	30	16	1SA 30:16	HEB	9	וְשֹׁתִים֙	וְשֹׁתִים	2	cardinal_or_ordinal	NOVEL_NUMERIC_CANDIDATE		0	וַיֹּ֣רִדֵ֔הוּ וְהִנֵּ֥ה נְטֻשִׁ֖ים עַל־פְּנֵ֣י כָל־הָאָ֑רֶץ אֹכְלִ֤ים וְשֹׁתִים֙ וְחֹ֣גְגִ֔ים בְּכֹל֙ הַשָּׁלָ֣ל הַגָּד֔וֹל אֲשֶׁ֥ר לָקְח֛וּ מֵאֶ֥רֶץ פְּלִשְׁתִּ֖ים וּמֵאֶ֥רֶץ יְהוּדָֽה׃	EXCLUDED_LEXICAL_HOMOGRAPH		Pointed OL form is lexical/non-numeric in this context; excluded from the numeric index.
2CH	5	13	2CH 5:13	HEB	2	כְ֠אֶחָד	כְאֶחָד	1	cardinal	NOVEL_NUMERIC_CANDIDATE		0	וַיְהִ֣י כְ֠אֶחָד *לַמַּחֲצֹצְרִים **לַמְחַצְּרִ֨ים וְלַמְשֹֽׁרֲרִ֜ים לְהַשְׁמִ֣יעַ קוֹל־אֶחָ֗ד לְהַלֵּ֣ל וּלְהֹדוֹת֮ לַיהוָה֒ וּכְהָרִ֣ים ק֠וֹל בַּחֲצֹצְר֨וֹת וּבִמְצִלְתַּ֜יִם וּבִכְלֵ֣י הַשִּׁ֗יר וּבְהַלֵּ֤ל לַיהוָה֙ כִּ֣י ט֔וֹב כִּ֥י לְעוֹלָ֖ם חַסְדּ֑וֹ וְהַבַּ֛יִת מָלֵ֥א עָנָ֖ן בֵּ֥ית יְהוָֽה׃	NUMERIC	1	Pointed OL form is a genuine cardinal, ordinal, fraction, or numeric scale in context.
2CH	8	9	2CH 8:9	HEB	15	שָׁלִישָׁ֔יו	שָׁלִישָׁיו	3	ordinal	NOVEL_NUMERIC_CANDIDATE		0	וּמִן־בְּנֵי֙ יִשְׂרָאֵ֔ל אֲ֠שֶׁר לֹא־נָתַ֧ן שְׁלֹמֹ֛ה לַעֲבָדִ֖ים לִמְלַאכְתּ֑וֹ כִּי־הֵ֜מָּה אַנְשֵׁ֤י מִלְחָמָה֙ וְשָׂרֵ֣י שָׁלִישָׁ֔יו וְשָׂרֵ֥י רִכְבּ֖וֹ וּפָרָשָֽׁיו׃ פ	EXCLUDED_LEXICAL_HOMOGRAPH		Pointed OL form is lexical/non-numeric in this context; excluded from the numeric index.
2CH	18	6	2CH 18:6	HEB	9	מֵאֹתֽוֹ׃	מֵאֹתוֹ	100	scale100	NOVEL_NUMERIC_CANDIDATE		0	וַיֹּ֙אמֶר֙ יְה֣וֹשָׁפָ֔ט הַאֵ֨ין פֹּ֥ה נָבִ֛יא לַיהוָ֖ה ע֑וֹד וְנִדְרְשָׁ֖ה מֵאֹתֽוֹ׃	EXCLUDED_LEXICAL_HOMOGRAPH		Pointed OL form is lexical/non-numeric in this context; excluded from the numeric index.
2CH	18	7	2CH 18:7	HEB	12	מֽ͏ֵאֹת֜וֹ	מֵאֹתוֹ	100	scale100	NOVEL_NUMERIC_CANDIDATE		0	וַיֹּ֣אמֶר מֶֽלֶךְ־יִשְׂרָאֵ֣ל_׀ אֶֽל־יְהוֹשָׁפָ֡ט ע֣וֹד אִישׁ־אֶחָ֡ד לִדְרוֹשׁ֩ אֶת־יְהוָ֨ה מֽ͏ֵאֹת֜וֹ וַאֲנִ֣י שְׂנֵאתִ֗יהוּ כִּֽי־אֵ֠ינֶנּוּ מִתְנַבֵּ֨א עָלַ֤י לְטוֹבָה֙ כִּ֣י כָל־יָמָ֣יו לְרָעָ֔ה ה֖וּא מִיכָ֣יְהוּ בֶן־יִמְלָ֑א וַיֹּ֙אמֶר֙ יְה֣וֹשָׁפָ֔ט אַל־יֹאמַ֥ר הַמֶּ֖לֶךְ כֵּֽן׃	EXCLUDED_LEXICAL_HOMOGRAPH		Pointed OL form is lexical/non-numeric in this context; excluded from the numeric index.
2CH	18	12	2CH 18:12	HEB	20	כְּאַחַ֥ד	כְּאַחַד	1	cardinal	NOVEL_NUMERIC_CANDIDATE		0	וְהַמַּלְאָ֞ךְ אֲשֶׁר־הָלַ֣ךְ_׀ לִקְרֹ֣א לְמִיכָ֗יְהוּ דִּבֶּ֤ר אֵלָיו֙ לֵאמֹ֔ר הִנֵּ֞ה דִּבְרֵ֧י הַנְּבִאִ֛ים פֶּֽה־אֶחָ֥ד ט֖וֹב אֶל־הַמֶּ֑לֶךְ וִֽיהִי־נָ֧א דְבָרְךָ֛ כְּאַחַ֥ד מֵהֶ֖ם וְדִבַּ֥רְתָּ טּֽוֹב׃	NUMERIC	1	Pointed OL form is a genuine cardinal, ordinal, fraction, or numeric scale in context.
2KI	3	11	2KI 3:11	HEB	10	מֵאוֹת֑וֹ	מֵאוֹתוֹ	100	scale100	NOVEL_NUMERIC_CANDIDATE		0	וַיֹּ֣אמֶר יְהוֹשָׁפָ֗ט הַאֵ֨ין פֹּ֤ה נָבִיא֙ לַֽיהוָ֔ה וְנִדְרְשָׁ֥ה אֶת־יְהוָ֖ה מֵאוֹת֑וֹ וַ֠יַּעַן אֶחָ֞ד מֵעַבְדֵ֤י מֶֽלֶךְ־יִשְׂרָאֵל֙ וַיֹּ֔אמֶר פֹּ֚ה אֱלִישָׁ֣ע בֶּן־שָׁפָ֔ט אֲשֶׁר־יָ֥צַק מַ֖יִם עַל־יְדֵ֥י אֵלִיָּֽהוּ׃	EXCLUDED_LEXICAL_HOMOGRAPH		Pointed OL form is lexical/non-numeric in this context; excluded from the numeric index.
2KI	8	8	2KI 8:8	HEB	15	מֵֽאוֹתוֹ֙	מֵאוֹתוֹ	100	scale100	NOVEL_NUMERIC_CANDIDATE		0	וַיֹּ֨אמֶר הַמֶּ֜לֶךְ אֶל־חֲזָהאֵ֗ל קַ֤ח בְּיָֽדְךָ֙ מִנְחָ֔ה וְלֵ֕ךְ לִקְרַ֖את אִ֣ישׁ הָאֱלֹהִ֑ים וְדָרַשְׁתָּ֨ אֶת־יְהוָ֤ה מֵֽאוֹתוֹ֙ לֵאמֹ֔ר הַאֶחְיֶ֖ה מֵחֳלִ֥י זֶֽה׃	EXCLUDED_LEXICAL_HOMOGRAPH		Pointed OL form is lexical/non-numeric in this context; excluded from the numeric index.
2KI	10	25	2KI 10:25	HEB	8	וְלַשָּׁלִשִׁ֜ים	וְלַשָּׁלִשִׁים	30	cardinal	NOVEL_NUMERIC_CANDIDATE		0	וַיְהִ֞י כְּכַלֹּת֣וֹ_׀ לַעֲשׂ֣וֹת הָעֹלָ֗ה וַיֹּ֣אמֶר יֵ֠הוּא לָרָצִ֨ים וְלַשָּׁלִשִׁ֜ים בֹּ֤אוּ הַכּוּם֙ אִ֣ישׁ אַל־יֵצֵ֔א וַיַּכּ֖וּם לְפִי־חָ֑רֶב וַיַּשְׁלִ֗כוּ הָֽרָצִים֙ וְהַשָּׁ֣לִשִׁ֔ים וַיֵּלְכ֖וּ עַד־עִ֥יר בֵּית־הַבָּֽעַל׃	EXCLUDED_LEXICAL_HOMOGRAPH		Contextual noun for officers/guards, not numeral thirty.
2KI	10	25	2KI 10:25	HEB	19	וְהַשָּׁ֣לִשִׁ֔ים	וְהַשָּׁלִשִׁים	30	cardinal	NOVEL_NUMERIC_CANDIDATE		0	וַיְהִ֞י כְּכַלֹּת֣וֹ_׀ לַעֲשׂ֣וֹת הָעֹלָ֗ה וַיֹּ֣אמֶר יֵ֠הוּא לָרָצִ֨ים וְלַשָּׁלִשִׁ֜ים בֹּ֤אוּ הַכּוּם֙ אִ֣ישׁ אַל־יֵצֵ֔א וַיַּכּ֖וּם לְפִי־חָ֑רֶב וַיַּשְׁלִ֗כוּ הָֽרָצִים֙ וְהַשָּׁ֣לִשִׁ֔ים וַיֵּלְכ֖וּ עַד־עִ֥יר בֵּית־הַבָּֽעַל׃	EXCLUDED_LEXICAL_HOMOGRAPH		Contextual noun for officers/guards, not numeral thirty.
2KI	15	12	2KI 15:12	HEB	10	רְבִיעִ֔ים	רְבִיעִים	4	ordinal	NOVEL_NUMERIC_CANDIDATE		0	ה֣וּא דְבַר־יְהוָ֗ה אֲשֶׁ֨ר דִּבֶּ֤ר אֶל־יֵהוּא֙ לֵאמֹ֔ר בְּנֵ֣י רְבִיעִ֔ים יֵשְׁב֥וּ לְךָ֖ עַל־כִּסֵּ֣א יִשְׂרָאֵ֑ל וֽ͏ַיְהִי־כֵֽן׃ פ	NUMERIC	4	Pointed OL form is a genuine cardinal, ordinal, fraction, or numeric scale in context.
2PE	3	8	2PE 3:8	GRK	1	Ἓν	ἓν	1	cardinal	NOVEL_NUMERIC_CANDIDATE		0	Ἓν δὲ τοῦτο μὴ λανθανέτω ὑμᾶς, ἀγαπητοί, ὅτι μία ἡμέρα παρὰ κυρίῳ ὡς χίλια ἔτη καὶ χίλια ἔτη ὡς ἡμέρα μία.	NUMERIC	1	Pointed OL form is a genuine cardinal, ordinal, fraction, or numeric scale in context.
2SA	2	18	2SA 2:18	HEB	12	כְּאַחַ֥ד	כְּאַחַד	1	cardinal	NOVEL_NUMERIC_CANDIDATE		0	וַיִּֽהְיוּ־שָׁ֗ם שְׁלֹשָׁה֙ בְּנֵ֣י צְרוּיָ֔ה יוֹאָ֥ב וַאֲבִישַׁ֖י וַעֲשָׂהאֵ֑ל וַעֲשָׂהאֵל֙ קַ֣ל בְּרַגְלָ֔יו כְּאַחַ֥ד הַצְּבָיִ֖ם אֲשֶׁ֥ר בַּשָּׂדֶֽה׃	NUMERIC	1	Pointed OL form is a genuine cardinal, ordinal, fraction, or numeric scale in context.
2SA	9	11	2SA 9:11	HEB	19	כְּאַחַ֖ד	כְּאַחַד	1	cardinal	NOVEL_NUMERIC_CANDIDATE		0	וַיֹּ֤אמֶר צִיבָא֙ אֶל־הַמֶּ֔לֶךְ כְּכֹל֩ אֲשֶׁ֨ר יְצַוֶּ֜ה אֲדֹנִ֤י הַמֶּ֙לֶךְ֙ אֶת־עַבְדּ֔וֹ כֵּ֖ן יַעֲשֶׂ֣ה עַבְדֶּ֑ךָ וּמְפִיבֹ֗שֶׁת אֹכֵל֙ עַל־שֻׁלְחָנִ֔י כְּאַחַ֖ד מִבְּנֵ֥י הַמֶּֽלֶךְ׃	NUMERIC	1	Pointed OL form is a genuine cardinal, ordinal, fraction, or numeric scale in context.
2SA	13	13	2SA 13:13	HEB	8	כְּאַחַ֥ד	כְּאַחַד	1	cardinal	NOVEL_NUMERIC_CANDIDATE		0	וַאֲנִ֗י אָ֤נָה אוֹלִיךְ֙ אֶת־חֶרְפָּתִ֔י וְאַתָּ֗ה תִּהְיֶ֛ה כְּאַחַ֥ד הַנְּבָלִ֖ים בְּיִשְׂרָאֵ֑ל וְעַתָּה֙ דַּבֶּר־נָ֣א אֶל־הַמֶּ֔לֶךְ כִּ֛י לֹ֥א יִמְנָעֵ֖נִי מִמֶּֽךָּ׃	NUMERIC	1	Pointed OL form is a genuine cardinal, ordinal, fraction, or numeric scale in context.
2SA	18	2	2SA 18:2	HEB	15	וְהַ֨שְּׁלִשִׁ֔ת	וְהַשְּׁלִשִׁת	3	cardinal	NOVEL_NUMERIC_CANDIDATE		0	וַיְשַׁלַּ֨ח דָּוִ֜ד אֶת־הָעָ֗ם הַשְּׁלִשִׁ֤ית בְּיַד־יוֹאָב֙ וְ֠הַשְּׁלִשִׁית בְּיַ֨ד אֲבִישַׁ֤י בֶּן־צְרוּיָה֙ אֲחִ֣י יוֹאָ֔ב וְהַ֨שְּׁלִשִׁ֔ת בְּיַ֖ד אִתַּ֣י הַגִּתִּ֑י ס וַיֹּ֤אמֶר הַמֶּ֙לֶךְ֙ אֶל־הָעָ֔ם יָצֹ֥א אֵצֵ֛א גַּם־אֲנִ֖י עִמָּכֶֽם׃	NUMERIC	1/3	Pointed OL form is a genuine cardinal, ordinal, fraction, or numeric scale in context.
2SA	18	3	2SA 18:3	HEB	15	חֶצְיֵ֙נוּ֙	חֶצְיֵנוּ	1/2	fraction	NOVEL_NUMERIC_CANDIDATE		0	וַיֹּ֨אמֶר הָעָ֜ם לֹ֣א תֵצֵ֗א כִּי֩ אִם־נֹ֨ס נָנ֜וּס לֹא־יָשִׂ֧ימוּ אֵלֵ֣ינוּ לֵ֗ב וְאִם־יָמֻ֤תוּ חֶצְיֵ֙נוּ֙ לֹֽא־יָשִׂ֤ימוּ אֵלֵ֙ינוּ֙ לֵ֔ב כִּֽי־עַתָּ֥ה כָמֹ֖נוּ עֲשָׂרָ֣ה אֲלָפִ֑ים וְעַתָּ֣ה ט֔וֹב כִּי־תִֽהְיֶה־לָּ֥נוּ מֵעִ֖יר *לַעְזִיר **לַעְזֽוֹר׃ ס	NUMERIC	1/2	Pointed OL form is a genuine cardinal, ordinal, fraction, or numeric scale in context.
2SA	19	3	2SA 19:3	HEB	2	הַתְּשֻׁעָ֜ה	הַתְּשֻׁעָה	9	cardinal	NOVEL_NUMERIC_CANDIDATE		0	וַתְּהִ֨י הַתְּשֻׁעָ֜ה בַּיּ֥וֹם הַה֛וּא לְאֵ֖בֶל לְכָל־הָעָ֑ם כִּֽי־שָׁמַ֣ע הָעָ֗ם בַּיּ֤וֹם הַהוּא֙ לֵאמֹ֔ר נֶעֱצַ֥ב הַמֶּ֖לֶךְ עַל־בְּנֽוֹ׃	EXCLUDED_LEXICAL_HOMOGRAPH		Pointed OL form is lexical/non-numeric in this context; excluded from the numeric index.
2SA	21	9	2SA 21:9	HEB	10	שְׁבַעְתָּ֖ם	שְׁבַעְתָּם	7	cardinal	NOVEL_NUMERIC_CANDIDATE		0	וַֽיִּתְּנֵ֞ם בְּיַ֣ד הַגִּבְעֹנִ֗ים וַיֹּקִיעֻ֤ם בָּהָר֙ לִפְנֵ֣י יְהוָ֔ה וַיִּפְּל֥וּ *שִׁבְעָתַיִם **שְׁבַעְתָּ֖ם יָ֑חַד *וְהֵם **וְהֵ֨מָּה הֻמְת֜וּ בִּימֵ֤י קָצִיר֙ בָּרִ֣אשֹׁנִ֔ים *תְּחִלַּת **בִּתְחִלַּ֖ת קְצִ֥יר שְׂעֹרִֽים׃	NUMERIC	7	Pointed OL form is a genuine cardinal, ordinal, fraction, or numeric scale in context.
2SA	24	24	2SA 24:24	HEB	9	מֵאֽוֹתְךָ֙	מֵאוֹתְךָ	100	scale100	NOVEL_NUMERIC_CANDIDATE		0	וַיֹּ֨אמֶר הַמֶּ֜לֶךְ אֶל־אֲרַ֗וְנָה לֹ֚א כִּֽי־קָנ֨וֹ אֶקְנֶ֤ה מֵאֽוֹתְךָ֙ בִּמְחִ֔יר וְלֹ֧א אַעֲלֶ֛ה לַיהוָ֥ה אֱלֹהַ֖י עֹל֣וֹת חִנָּ֑ם וַיִּ֨קֶן דָּוִ֤ד אֶת־הַגֹּ֙רֶן֙ וְאֶת־הַבָּקָ֔ר בְּכֶ֖סֶף שְׁקָלִ֥ים חֲמִשִּֽׁים׃	EXCLUDED_LEXICAL_HOMOGRAPH		Pointed OL form is lexical/non-numeric in this context; excluded from the numeric index.
ACT	11	26	ACT 11:26	GRK	22	πρώτως	πρώτως	1	ordinal	NOVEL_NUMERIC_CANDIDATE		0	καὶ εὑρὼν ἤγαγεν εἰς Ἀντιόχειαν. ἐγένετο δὲ αὐτοῖς καὶ ἐνιαυτὸν ὅλον συναχθῆναι ἐν τῇ ἐκκλησίᾳ καὶ διδάξαι ὄχλον ἱκανόν, χρηματίσαι τε πρώτως ἐν Ἀντιοχείᾳ τοὺς μαθητὰς Χριστιανούς.	NUMERIC	1	Pointed OL form is a genuine cardinal, ordinal, fraction, or numeric scale in context.
ACT	21	19	ACT 21:19	GRK	6	ἓν	ἓν	1	cardinal	NOVEL_NUMERIC_CANDIDATE		0	καὶ ἀσπασάμενος αὐτοὺς ἐξηγεῖτο καθ’ ἓν ἕκαστον, ὧν ἐποίησεν ὁ θεὸς ἐν τοῖς ἔθνεσιν διὰ τῆς διακονίας αὐτοῦ.	NUMERIC	1	Pointed OL form is a genuine cardinal, ordinal, fraction, or numeric scale in context.
ACT	23	6	ACT 23:6	GRK	7	ἓν	ἓν	1	cardinal	NOVEL_NUMERIC_CANDIDATE		0	Γνοὺς δὲ ὁ Παῦλος ὅτι τὸ ἓν μέρος ἐστὶν Σαδδουκαίων τὸ δὲ ἕτερον Φαρισαίων ἔκραζεν ἐν τῷ συνεδρίῳ, Ἄνδρες ἀδελφοί, ἐγὼ Φαρισαῖός εἰμι, υἱὸς Φαρισαίων, περὶ ἐλπίδος καὶ ἀναστάσεως νεκρῶν [ἐγὼ] κρίνομαι.	NUMERIC	1	Pointed OL form is a genuine cardinal, ordinal, fraction, or numeric scale in context.
ACT	28	25	ACT 28:25	GRK	11	ἕν	ἕν	1	cardinal	NOVEL_NUMERIC_CANDIDATE		0	ἀσύμφωνοι δὲ ὄντες πρὸς ἀλλήλους ἀπελύοντο εἰπόντος τοῦ Παύλου ῥῆμα ἕν, ὅτι Καλῶς τὸ πνεῦμα τὸ ἅγιον ἐλάλησεν διὰ Ἠσαΐου τοῦ προφήτου πρὸς τοὺς πατέρας ὑμῶν	NUMERIC	1	Pointed OL form is a genuine cardinal, ordinal, fraction, or numeric scale in context.
AMO	4	4	AMO 4:4	HEB	13	מַעְשְׂרֹֽתֵיכֶֽם׃	מַעְשְׂרֹתֵיכֶם	10	cardinal	NOVEL_NUMERIC_CANDIDATE		0	בֹּ֤אוּ בֵֽית־אֵל֙ וּפִשְׁע֔וּ הַגִּלְגָּ֖ל הַרְבּ֣וּ לִפְשֹׁ֑עַ וְהָבִ֤יאוּ לַבֹּ֙קֶר֙ זִבְחֵיכֶ֔ם לִשְׁלֹ֥שֶׁת יָמִ֖ים מַעְשְׂרֹֽתֵיכֶֽם׃	NUMERIC	1/10	Pointed OL form is a genuine cardinal, ordinal, fraction, or numeric scale in context.
AMO	4	6	AMO 4:6	HEB	6	שִׁנַּ֙יִם֙	שִׁנַּיִם	2	cardinal_or_ordinal	NOVEL_NUMERIC_CANDIDATE		0	וְגַם־אֲנִי֩ נָתַ֨תִּי לָכֶ֜ם נִקְי֤וֹן שִׁנַּ֙יִם֙ בְּכָל־עָ֣רֵיכֶ֔ם וְחֹ֣סֶר לֶ֔חֶם בְּכֹ֖ל מְקוֹמֹֽתֵיכֶ֑ם וְלֹֽא־שַׁבְתֶּ֥ם עָדַ֖י נְאֻם־יְהוָֽה׃	EXCLUDED_LEXICAL_HOMOGRAPH		Pointed OL form is lexical/non-numeric in this context; excluded from the numeric index.
AMO	6	6	AMO 6:6	HEB	1	הַשֹּׁתִ֤ים	הַשֹּׁתִים	2	cardinal_or_ordinal	NOVEL_NUMERIC_CANDIDATE		0	הַשֹּׁתִ֤ים בְּמִזְרְקֵי֙ יַ֔יִן וְרֵאשִׁ֥ית שְׁמָנִ֖ים יִמְשָׁ֑חוּ וְלֹ֥א נֶחְל֖וּ עַל־שֵׁ֥בֶר יוֹסֵֽף	EXCLUDED_LEXICAL_HOMOGRAPH		Pointed OL form is lexical/non-numeric in this context; excluded from the numeric index.
AMO	8	14	AMO 8:14	HEB	11	שָׁ֑בַע	שָׁבַע	7	cardinal	NOVEL_NUMERIC_CANDIDATE		0	הַנִּשְׁבָּעִים֙ בְּאַשְׁמַ֣ת שֹֽׁמְר֔וֹן וְאָמְר֗וּ חֵ֤י אֱלֹהֶ֙יךָ֙ דָּ֔ן וְחֵ֖י דֶּ֣רֶךְ בְּאֵֽר־שָׁ֑בַע וְנָפְל֖וּ וְלֹא־יָק֥וּמוּ עֽוֹד׃ ס	EXCLUDED_LEXICAL_HOMOGRAPH		Pointed OL form is lexical/non-numeric in this context; excluded from the numeric index.
DAN	1	10	DAN 1:10	HEB	15	מִשְׁתֵּיכֶ֑ם	מִשְׁתֵּיכֶם	2	cardinal_or_ordinal	NOVEL_NUMERIC_CANDIDATE		0	וַיֹּ֜אמֶר שַׂ֤ר הַסָּרִיסִים֙ לְדָ֣נִיֵּ֔אל יָרֵ֤א אֲנִי֙ אֶת־אֲדֹנִ֣י הַמֶּ֔לֶךְ אֲשֶׁ֣ר מִנָּ֔ה אֶת־מַאֲכַלְכֶ֖ם וְאֶת־מִשְׁתֵּיכֶ֑ם אֲשֶׁ֡ר לָמָּה֩ יִרְאֶ֨ה אֶת־פְּנֵיכֶ֜ם זֹֽעֲפִ֗ים מִן־הַיְלָדִים֙ אֲשֶׁ֣ר כְּגִֽילְכֶ֔ם וְחִיַּבְתֶּ֥ם אֶת־רֹאשִׁ֖י לַמֶּֽלֶךְ׃	EXCLUDED_LEXICAL_HOMOGRAPH		Pointed OL form is lexical/non-numeric in this context; excluded from the numeric index.
DAN	1	16	DAN 1:16	HEB	7	מִשְׁתֵּיהֶ֑ם	מִשְׁתֵּיהֶם	2	cardinal_or_ordinal	NOVEL_NUMERIC_CANDIDATE		0	וַיְהִ֣י הַמֶּלְצַ֗ר נֹשֵׂא֙ אֶת־פַּתְבָּגָ֔ם וְיֵ֖ין מִשְׁתֵּיהֶ֑ם וְנֹתֵ֥ן לָהֶ֖ם זֵרְעֹנִֽים׃	EXCLUDED_LEXICAL_HOMOGRAPH		Pointed OL form is lexical/non-numeric in this context; excluded from the numeric index.
DAN	2	40	DAN 2:40	HEB	2	רְבִיעָיָה	רְבִיעָיָה	4	ordinal	NOVEL_NUMERIC_CANDIDATE		0	וּמַלְכוּ֙ *רְבִיעָיָה **רְבִ֣יעָאָ֔ה תֶּהֱוֵ֥א תַקִּיפָ֖ה כְּפַרְזְלָ֑א כָּל־קֳבֵ֗ל דִּ֤י פַרְזְלָא֙ מְהַדֵּ֤ק וְחָשֵׁל֙ כֹּ֔לָּא וּֽכְפַרְזְלָ֛א דִּֽי־מְרָעַ֥ע כָּל־אִלֵּ֖ין תַּדִּ֥ק וְתֵרֹֽעַ׃	NUMERIC	4	Pointed OL form is a genuine cardinal, ordinal, fraction, or numeric scale in context.
DAN	3	25	DAN 3:25	HEB	18	רְבִיעָיָא	רְבִיעָיָא	4	ordinal	NOVEL_NUMERIC_CANDIDATE		0	עָנֵ֣ה וְאָמַ֗ר הָֽא־אֲנָ֨ה חָזֵ֜ה גֻּבְרִ֣ין אַרְבְּעָ֗ה שְׁרַ֙יִן֙ מַהְלְכִ֣ין בְּגֽוֹא־נוּרָ֔א וַחֲבָ֖ל לָא־אִיתַ֣י בְּה֑וֹן וְרֵוֵהּ֙ דִּ֣י *רְבִיעָיָא **רְֽבִיעָאָ֔ה דָּמֵ֖ה לְבַר־אֱלָהִֽין׃ ס	NUMERIC	4	Pointed OL form is a genuine cardinal, ordinal, fraction, or numeric scale in context.
DAN	6	9	DAN 6:9	HEB	9	לְהַשְׁנָיָ֛ה	לְהַשְׁנָיָה	2	cardinal_or_ordinal	NOVEL_NUMERIC_CANDIDATE		0	כְּעַ֣ן מַלְכָּ֔א תְּקִ֥ים אֱסָרָ֖א וְתִרְשֻׁ֣ם כְּתָבָ֑א דִּ֣י לָ֧א לְהַשְׁנָיָ֛ה כְּדָת־מָדַ֥י וּפָרַ֖ס דִּי־לָ֥א תֶעְדֵּֽא׃	EXCLUDED_LEXICAL_HOMOGRAPH		Pointed OL form is lexical/non-numeric in this context; excluded from the numeric index.
DAN	6	16	DAN 6:16	HEB	23	לְהַשְׁנָיָֽה׃	לְהַשְׁנָיָה	2	cardinal_or_ordinal	NOVEL_NUMERIC_CANDIDATE		0	בֵּאדַ֙יִן֙ גֻּבְרַיָּ֣א אִלֵּ֔ךְ הַרְגִּ֖שׁוּ עַל־מַלְכָּ֑א וְאָמְרִ֣ין לְמַלְכָּ֗א דַּ֤ע מַלְכָּא֙ דִּֽי־דָת֙ לְמָדַ֣י וּפָרַ֔ס דִּֽי־כָל־אֱסָ֥ר וּקְיָ֛ם דִּֽי־מַלְכָּ֥א יְהָקֵ֖ים לָ֥א לְהַשְׁנָיָֽה׃	EXCLUDED_LEXICAL_HOMOGRAPH		Pointed OL form is lexical/non-numeric in this context; excluded from the numeric index.
DAN	7	5	DAN 7:5	HEB	14	שִׁנַּיַּהּ	שִׁנַּיַּהּ	2	cardinal_or_ordinal	NOVEL_NUMERIC_CANDIDATE		0	וַאֲר֣וּ חֵיוָה֩ אָחֳרִ֨י תִנְיָנָ֜ה דָּמְיָ֣ה לְדֹ֗ב וְלִשְׂטַר־חַד֙ הֳקִמַ֔ת וּתְלָ֥ת עִלְעִ֛ין בְּפֻמַּ֖הּ בֵּ֣ין *שִׁנַּיַּהּ **שִׁנַּ֑הּ וְכֵן֙ אָמְרִ֣ין לַ֔הּ ק֥וּמִֽי אֲכֻ֖לִי בְּשַׂ֥ר שַׂגִּֽיא׃	EXCLUDED_LEXICAL_HOMOGRAPH		Pointed OL form is lexical/non-numeric in this context; excluded from the numeric index.
DAN	7	7	DAN 7:7	HEB	9	רְבִיעָיָה	רְבִיעָיָה	4	ordinal	NOVEL_NUMERIC_CANDIDATE		0	בָּאתַ֣ר דְּנָה֩ חָזֵ֨ה הֲוֵ֜ית בְּחֶזְוֵ֣י לֵֽילְיָ֗א וַאֲר֣וּ חֵיוָ֣ה *רְבִיעָיָה **רְֽבִיעָאָ֡ה דְּחִילָה֩ וְאֵֽימְתָנִ֨י וְתַקִּיפָ֜א יַתִּ֗ירָא וְשִׁנַּ֨יִן דִּֽי־פַרְזֶ֥ל לַהּ֙ רַבְרְבָ֔ן אָֽכְלָ֣ה וּמַדֱּקָ֔ה וּשְׁאָרָ֖א *בְּרַגְלַיַּהּ **בְּרַגְלַ֣הּ רָפְסָ֑ה וְהִ֣יא מְשַׁנְּיָ֗ה מִן־כָּל־חֵֽיוָתָא֙ דִּ֣י קֽ͏ָדָמַ֔יהּ וְקַרְנַ֥יִן עֲשַׂ֖ר לַֽהּ׃	NUMERIC	4	Pointed OL form is a genuine cardinal, ordinal, fraction, or numeric scale in context.
DAN	7	7	DAN 7:7	HEB	27	מְשַׁנְּיָ֗ה	מְשַׁנְּיָה	2	cardinal_or_ordinal	NOVEL_NUMERIC_CANDIDATE		0	בָּאתַ֣ר דְּנָה֩ חָזֵ֨ה הֲוֵ֜ית בְּחֶזְוֵ֣י לֵֽילְיָ֗א וַאֲר֣וּ חֵיוָ֣ה *רְבִיעָיָה **רְֽבִיעָאָ֡ה דְּחִילָה֩ וְאֵֽימְתָנִ֨י וְתַקִּיפָ֜א יַתִּ֗ירָא וְשִׁנַּ֨יִן דִּֽי־פַרְזֶ֥ל לַהּ֙ רַבְרְבָ֔ן אָֽכְלָ֣ה וּמַדֱּקָ֔ה וּשְׁאָרָ֖א *בְּרַגְלַיַּהּ **בְּרַגְלַ֣הּ רָפְסָ֑ה וְהִ֣יא מְשַׁנְּיָ֗ה מִן־כָּל־חֵֽיוָתָא֙ דִּ֣י קֽ͏ָדָמַ֔יהּ וְקַרְנַ֥יִן עֲשַׂ֖ר לַֽהּ׃	EXCLUDED_LEXICAL_HOMOGRAPH		Pointed OL form is lexical/non-numeric in this context; excluded from the numeric index.
DAN	7	10	DAN 7:10	HEB	9	אַלְפִים	אַלְפִים	1000	scale1000	NOVEL_NUMERIC_CANDIDATE		0	נְהַ֣ר דִּי־נ֗וּר נָגֵ֤ד וְנָפֵק֙ מִן־קֳדָמ֔וֹהִי אֶ֤לֶף *אַלְפִים **אַלְפִין֙ יְשַׁמְּשׁוּנֵּ֔הּ וְרִבּ֥וֹ *רִבְּוָן **רִבְבָ֖ן קֽ͏ָדָמ֣וֹהִי יְקוּמ֑וּן דִּינָ֥א יְתִ֖ב וְסִפְרִ֥ין פְּתִֽיחוּ׃	NUMERIC	1000	Pointed OL form is a genuine cardinal, ordinal, fraction, or numeric scale in context.
DAN	7	10	DAN 7:10	HEB	12	וְרִבּ֥וֹ	וְרִבּוֹ	10000	scale10000	NOVEL_NUMERIC_CANDIDATE		0	נְהַ֣ר דִּי־נ֗וּר נָגֵ֤ד וְנָפֵק֙ מִן־קֳדָמ֔וֹהִי אֶ֤לֶף *אַלְפִים **אַלְפִין֙ יְשַׁמְּשׁוּנֵּ֔הּ וְרִבּ֥וֹ *רִבְּוָן **רִבְבָ֖ן קֽ͏ָדָמ֣וֹהִי יְקוּמ֑וּן דִּינָ֥א יְתִ֖ב וְסִפְרִ֥ין פְּתִֽיחוּ׃	NUMERIC	10000	Pointed OL form is a genuine cardinal, ordinal, fraction, or numeric scale in context.
DAN	7	10	DAN 7:10	HEB	13	רִבְּוָן	רִבְּוָן	10000	scale10000	NOVEL_NUMERIC_CANDIDATE		0	נְהַ֣ר דִּי־נ֗וּר נָגֵ֤ד וְנָפֵק֙ מִן־קֳדָמ֔וֹהִי אֶ֤לֶף *אַלְפִים **אַלְפִין֙ יְשַׁמְּשׁוּנֵּ֔הּ וְרִבּ֥וֹ *רִבְּוָן **רִבְבָ֖ן קֽ͏ָדָמ֣וֹהִי יְקוּמ֑וּן דִּינָ֥א יְתִ֖ב וְסִפְרִ֥ין פְּתִֽיחוּ׃	NUMERIC	10000	Pointed OL form is a genuine cardinal, ordinal, fraction, or numeric scale in context.
DAN	7	19	DAN 7:19	HEB	9	שָֽׁנְיָ֖ה	שָׁנְיָה	2	cardinal_or_ordinal	NOVEL_NUMERIC_CANDIDATE		0	אֱדַ֗יִן צְבִית֙ לְיַצָּבָ֔א עַל־חֵֽיוְתָא֙ רְבִיעָ֣יְתָ֔א דִּֽי־הֲוָ֥ת שָֽׁנְיָ֖ה מִן־*כָּלְּהוֹן **כָּלְּהֵ֑ין דְּחִילָ֣ה יַתִּ֗ירָה *שִׁנַּיַּהּ **שִׁנַּ֤הּ דִּֽי־פַרְזֶל֙ וְטִפְרַ֣יהּ דִּֽי־נְחָ֔שׁ אָֽכְלָ֣ה מַדֲּקָ֔ה וּשְׁאָרָ֖א בְּרַגְלַ֥יהּ רָֽפְסָֽה׃	EXCLUDED_LEXICAL_HOMOGRAPH		Pointed OL form is lexical/non-numeric in this context; excluded from the numeric index.
DAN	7	19	DAN 7:19	HEB	15	שִׁנַּיַּהּ	שִׁנַּיַּהּ	2	cardinal_or_ordinal	NOVEL_NUMERIC_CANDIDATE		0	אֱדַ֗יִן צְבִית֙ לְיַצָּבָ֔א עַל־חֵֽיוְתָא֙ רְבִיעָ֣יְתָ֔א דִּֽי־הֲוָ֥ת שָֽׁנְיָ֖ה מִן־*כָּלְּהוֹן **כָּלְּהֵ֑ין דְּחִילָ֣ה יַתִּ֗ירָה *שִׁנַּיַּהּ **שִׁנַּ֤הּ דִּֽי־פַרְזֶל֙ וְטִפְרַ֣יהּ דִּֽי־נְחָ֔שׁ אָֽכְלָ֣ה מַדֲּקָ֔ה וּשְׁאָרָ֖א בְּרַגְלַ֥יהּ רָֽפְסָֽה׃	EXCLUDED_LEXICAL_HOMOGRAPH		Pointed OL form is lexical/non-numeric in this context; excluded from the numeric index.
DAN	7	23	DAN 7:23	HEB	6	רְבִיעָיָא	רְבִיעָיָא	4	ordinal	NOVEL_NUMERIC_CANDIDATE		0	כֵּן֮ אֲמַר֒ חֵֽיוְתָא֙ רְבִיעָ֣יְתָ֔א מַלְכ֤וּ *רְבִיעָיָא **רְבִיעָאָה֙ תֶּהֱוֵ֣א בְאַרְעָ֔א דִּ֥י תִשְׁנֵ֖א מִן־כָּל־מַלְכְוָתָ֑א וְתֵאכֻל֙ כָּל־אַרְעָ֔א וּתְדוּשִׁנַּ֖הּ וְתַדְּקִנַּֽהּ׃	NUMERIC	4	Pointed OL form is a genuine cardinal, ordinal, fraction, or numeric scale in context.
DAN	7	25	DAN 7:25	HEB	10	לְהַשְׁנָיָה֙	לְהַשְׁנָיָה	2	cardinal_or_ordinal	NOVEL_NUMERIC_CANDIDATE		0	וּמִלִּ֗ין לְצַ֤ד *עִלָּיָא **עִלָּאָה֙ יְמַלִּ֔ל וּלְקַדִּישֵׁ֥י עֶלְיוֹנִ֖ין יְבַלֵּ֑א וְיִסְבַּ֗ר לְהַשְׁנָיָה֙ זִמְנִ֣ין וְדָ֔ת וְיִתְיַהֲב֣וּן בִּידֵ֔הּ עַד־עִדָּ֥ן וְעִדָּנִ֖ין וּפְלַ֥ג עִדָּֽן׃	EXCLUDED_LEXICAL_HOMOGRAPH		Pointed OL form is lexical/non-numeric in this context; excluded from the numeric index.
DAN	9	11	DAN 9:11	HEB	13	וְהַשְּׁבֻעָ֗ה	וְהַשְּׁבֻעָה	7	cardinal	NOVEL_NUMERIC_CANDIDATE		0	וְכָל־יִשְׂרָאֵ֗ל עָֽבְרוּ֙ אֶת־תּ֣וֹרָתֶ֔ךָ וְס֕וֹר לְבִלְתִּ֖י שְׁמ֣וֹעַ בְּקֹלֶ֑ךָ וַתִּתַּ֨ךְ עָלֵ֜ינוּ הָאָלָ֣ה וְהַשְּׁבֻעָ֗ה אֲשֶׁ֤ר כְּתוּבָה֙ בְּתוֹרַת֙ מֹשֶׁ֣ה עֶֽבֶד־הָֽאֱלֹהִ֔ים כִּ֥י חָטָ֖אנוּ לֽוֹ׃	EXCLUDED_LEXICAL_HOMOGRAPH		Pointed OL form is lexical/non-numeric in this context; excluded from the numeric index.
DAN	9	24	DAN 9:24	HEB	1	שָׁבֻעִ֨ים	שָׁבֻעִים	70	cardinal	NOVEL_NUMERIC_CANDIDATE		0	שָׁבֻעִ֨ים שִׁבְעִ֜ים נֶחְתַּ֥ךְ עַֽל־עַמְּךָ֣_׀ וְעַל־עִ֣יר קָדְשֶׁ֗ךָ לְכַלֵּ֨א הַפֶּ֜שַׁע *וּלַחְתֹּם **וּלְהָתֵ֤ם *חַטָּאוֹת **חַטָּאת֙ וּלְכַפֵּ֣ר עָוֺ֔ן וּלְהָבִ֖יא צֶ֣דֶק עֹֽלָמִ֑ים וְלַחְתֹּם֙ חָז֣וֹן וְנָבִ֔יא וְלִמְשֹׁ֖חַ קֹ֥דֶשׁ קָֽדָשִֽׁים׃	EXCLUDED_LEXICAL_HOMOGRAPH		Pointed OL form is lexical/non-numeric in this context; excluded from the numeric index.
DAN	9	25	DAN 9:25	HEB	12	שָׁבֻעִ֖ים	שָׁבֻעִים	70	cardinal	NOVEL_NUMERIC_CANDIDATE		0	וְתֵדַ֨ע וְתַשְׂכֵּ֜ל מִן־מֹצָ֣א דָבָ֗ר לְהָשִׁיב֙ וְלִבְנ֤וֹת יְרֽוּשָׁלַ͏ִ֙ם֙ עַד־מָשִׁ֣יחַ נָגִ֔יד שָׁבֻעִ֖ים שִׁבְעָ֑ה וְשָׁבֻעִ֞ים שִׁשִּׁ֣ים וּשְׁנַ֗יִם תָּשׁוּב֙ וְנִבְנְתָה֙ רְח֣וֹב וְחָר֔וּץ וּבְצ֖וֹק הָעִתִּֽים׃	EXCLUDED_LEXICAL_HOMOGRAPH		Pointed OL form is lexical/non-numeric in this context; excluded from the numeric index.
DAN	9	25	DAN 9:25	HEB	14	וְשָׁבֻעִ֞ים	וְשָׁבֻעִים	70	cardinal	NOVEL_NUMERIC_CANDIDATE		0	וְתֵדַ֨ע וְתַשְׂכֵּ֜ל מִן־מֹצָ֣א דָבָ֗ר לְהָשִׁיב֙ וְלִבְנ֤וֹת יְרֽוּשָׁלַ͏ִ֙ם֙ עַד־מָשִׁ֣יחַ נָגִ֔יד שָׁבֻעִ֖ים שִׁבְעָ֑ה וְשָׁבֻעִ֞ים שִׁשִּׁ֣ים וּשְׁנַ֗יִם תָּשׁוּב֙ וְנִבְנְתָה֙ רְח֣וֹב וְחָר֔וּץ וּבְצ֖וֹק הָעִתִּֽים׃	EXCLUDED_LEXICAL_HOMOGRAPH		Pointed OL form is lexical/non-numeric in this context; excluded from the numeric index.
DAN	9	26	DAN 9:26	HEB	2	הַשָּׁבֻעִים֙	הַשָּׁבֻעִים	70	cardinal	NOVEL_NUMERIC_CANDIDATE		0	וְאַחֲרֵ֤י הַשָּׁבֻעִים֙ שִׁשִּׁ֣ים וּשְׁנַ֔יִם יִכָּרֵ֥ת מָשִׁ֖יחַ וְאֵ֣ין ל֑וֹ וְהָעִ֨יר וְהַקֹּ֜דֶשׁ יַ֠שְׁחִית עַ֣ם נָגִ֤יד הַבָּא֙ וְקִצּ֣וֹ בַשֶּׁ֔טֶף וְעַד֙ קֵ֣ץ מִלְחָמָ֔ה נֶחֱרֶ֖צֶת שֹׁמֵמֽוֹת׃	EXCLUDED_LEXICAL_HOMOGRAPH		Pointed OL form is lexical/non-numeric in this context; excluded from the numeric index.
DAN	10	2	DAN 10:2	HEB	8	שָׁבֻעִ֖ים	שָׁבֻעִים	70	cardinal	NOVEL_NUMERIC_CANDIDATE		0	בַּיָּמִ֖ים הָהֵ֑ם אֲנִ֤י דָֽנִיֵּאל֙ הָיִ֣יתִי מִתְאַבֵּ֔ל שְׁלֹשָׁ֥ה שָׁבֻעִ֖ים יָמִֽים׃	EXCLUDED_LEXICAL_HOMOGRAPH		Pointed OL form is lexical/non-numeric in this context; excluded from the numeric index.
DAN	10	3	DAN 10:3	HEB	17	שָׁבֻעִ֖ים	שָׁבֻעִים	70	cardinal	NOVEL_NUMERIC_CANDIDATE		0	לֶ֣חֶם חֲמֻד֞וֹת לֹ֣א אָכַ֗לְתִּי וּבָשָׂ֥ר וָיַ֛יִן לֹא־בָ֥א אֶל־פִּ֖י וְס֣וֹךְ לֹא־סָ֑כְתִּי עַד־מְלֹ֕את שְׁלֹ֥שֶׁת שָׁבֻעִ֖ים יָמִֽים׃ פ	EXCLUDED_LEXICAL_HOMOGRAPH		Pointed OL form is lexical/non-numeric in this context; excluded from the numeric index.
DEU	5	9	DEU 5:9	HEB	18	שִׁלֵּשִׁ֥ים	שִׁלֵּשִׁים	30	cardinal	NOVEL_NUMERIC_CANDIDATE		0	לֹא־תִשְׁתַּחֲוֶ֥֣ה לָהֶ֖ם֮ וְלֹ֣א תָעָבְדֵ֑ם֒ כִּ֣י אָנֹכִ֞י יְהוָ֤ה אֱלֹהֶ֙יךָ֙ אֵ֣ל קַנָּ֔א פֹּ֠קֵד עֲוֺ֨ן אָב֧וֹת עַל־בָּנִ֛ים וְעַל־שִׁלֵּשִׁ֥ים וְעַל־רִבֵּעִ֖ים לְשֹׂנְאָֽ֑י׃	NUMERIC	3	Pointed OL form is a genuine cardinal, ordinal, fraction, or numeric scale in context.
DEU	6	11	DEU 6:11	HEB	19	וְשָׂבָֽעְתָּ׃	וְשָׂבָעְתָּ	7	cardinal	NOVEL_NUMERIC_CANDIDATE		0	וּבָ֨תִּ֜ים מְלֵאִ֣ים כָּל־טוּב֮ אֲשֶׁ֣ר לֹא־מִלֵּאתָ֒ וּבֹרֹ֤ת חֲצוּבִים֙ אֲשֶׁ֣ר לֹא־חָצַ֔בְתָּ כְּרָמִ֥ים וְזֵיתִ֖ים אֲשֶׁ֣ר לֹא־נָטָ֑עְתָּ וְאָכַלְתָּ֖ וְשָׂבָֽעְתָּ׃	EXCLUDED_LEXICAL_HOMOGRAPH		Pointed OL form is lexical/non-numeric in this context; excluded from the numeric index.
DEU	7	8	DEU 7:8	HEB	7	הַשְּׁבֻעָה֙	הַשְּׁבֻעָה	7	cardinal	NOVEL_NUMERIC_CANDIDATE		0	כִּי֩ מֵֽאַהֲבַ֨ת יְהוָ֜ה אֶתְכֶ֗ם וּמִשָּׁמְר֤ו אֶת־הַשְּׁבֻעָה֙ אֲשֶׁ֤ר נִשְׁבַּע֙ לַאֲבֹ֣תֵיכֶ֔ם הוֹצִ֧יא יְהוָ֛ה אֶתְכֶ֖ם בְּיָ֣ד חֲזָקָ֑ה וַֽיִּפְדְּךָ֙ מִבֵּ֣ית עֲבָדִ֔ים מִיַּ֖ד פַּרְעֹ֥ה מֶֽלֶךְ־מִצְרָֽיִם׃	EXCLUDED_LEXICAL_HOMOGRAPH		Pointed OL form is lexical/non-numeric in this context; excluded from the numeric index.
DEU	7	13	DEU 7:13	HEB	13	אֲלָפֶ֙יךָ֙	אֲלָפֶיךָ	1000	scale1000	NOVEL_NUMERIC_CANDIDATE		0	וַאֲהֵ֣בְךָ֔ וּבֵרַכְךָ֖ וְהִרְבֶּ֑ךָ וּבֵרַ֣ךְ פְּרִֽי־בִטְנְךָ֣ וּפְרִֽי־אַ֠דְמָתֶךָ דְּגָ֨נְךָ֜ וְתִֽירֹשְׁךָ֣ וְיִצְהָרֶ֗ךָ שְׁגַר־אֲלָפֶ֙יךָ֙ וְעַשְׁתְּרֹ֣ת צֹאנֶ֔ךָ עַ֚ל הֽ͏ָאֲדָמָ֔ה אֲשֶׁר־נִשְׁבַּ֥ע לַאֲבֹתֶ֖יךָ לָ֥תֶת לָֽךְ׃	EXCLUDED_LEXICAL_HOMOGRAPH		Pointed OL form is lexical/non-numeric in this context; excluded from the numeric index.
DEU	8	10	DEU 8:10	HEB	2	וְשָׂבָ֑עְתָּ	וְשָׂבָעְתָּ	7	cardinal	NOVEL_NUMERIC_CANDIDATE		0	וְאָכַלְתָּ֖ וְשָׂבָ֑עְתָּ וּבֵֽרַכְתָּ֙ אֶת־יְהוָ֣ה אֱלֹהֶ֔יךָ עַל־הָאָ֥רֶץ הַטֹּבָ֖ה אֲשֶׁ֥ר נָֽתַן־לָֽךְ׃	EXCLUDED_LEXICAL_HOMOGRAPH		Pointed OL form is lexical/non-numeric in this context; excluded from the numeric index.
DEU	8	12	DEU 8:12	HEB	3	וְשָׂבָ֑עְתָּ	וְשָׂבָעְתָּ	7	cardinal	NOVEL_NUMERIC_CANDIDATE		0	פֶּן־תֹּאכַ֖ל וְשָׂבָ֑עְתָּ וּבָתִּ֥ים טוֹבִ֛ים תִּבְנֶ֖ה וְיָשָֽׁבְתָּ׃	EXCLUDED_LEXICAL_HOMOGRAPH		Pointed OL form is lexical/non-numeric in this context; excluded from the numeric index.
DEU	11	15	DEU 11:15	HEB	6	וְשָׂבָֽעְתָּ׃	וְשָׂבָעְתָּ	7	cardinal	NOVEL_NUMERIC_CANDIDATE		0	וְנָתַתִּ֛י עֵ֥שֶׂב בְּשָׂדְךָ֖ לִבְהֶמְתֶּ֑ךָ וְאָכַלְתָּ֖ וְשָׂבָֽעְתָּ׃	EXCLUDED_LEXICAL_HOMOGRAPH		Pointed OL form is lexical/non-numeric in this context; excluded from the numeric index.
DEU	12	6	DEU 12:6	HEB	6	מַעְשְׂרֹ֣תֵיכֶ֔ם	מַעְשְׂרֹתֵיכֶם	10	cardinal	NOVEL_NUMERIC_CANDIDATE		0	וַהֲבֵאתֶ֣ם שָׁ֗מָּה עֹלֹֽתֵיכֶם֙ וְזִבְחֵיכֶ֔ם וְאֵת֙ מַעְשְׂרֹ֣תֵיכֶ֔ם וְאֵ֖ת תְּרוּמַ֣ת יֶדְכֶ֑ם וְנִדְרֵיכֶם֙ וְנִדְבֹ֣תֵיכֶ֔ם וּבְכֹרֹ֥ת בְּקַרְכֶ֖ם וְצֹאנְכֶֽם׃	NUMERIC	1/10	Pointed OL form is a genuine cardinal, ordinal, fraction, or numeric scale in context.
DEU	12	11	DEU 12:11	HEB	21	מַעְשְׂרֹֽתֵיכֶם֙	מַעְשְׂרֹתֵיכֶם	10	cardinal	NOVEL_NUMERIC_CANDIDATE		0	וְהָיָ֣ה הַמָּק֗וֹם אֲשֶׁר־יִבְחַר֩ יְהוָ֨ה אֱלֹהֵיכֶ֥ם בּוֹ֙ לְשַׁכֵּ֤ן שְׁמוֹ֙ שָׁ֔ם שָׁ֣מָּה תָבִ֔יאוּ אֵ֛ת כָּל־אֲשֶׁ֥ר אָנֹכִ֖י מְצַוֶּ֣ה אֶתְכֶ֑ם עוֹלֹתֵיכֶ֣ם וְזִבְחֵיכֶ֗ם מַעְשְׂרֹֽתֵיכֶם֙ וּתְרֻמַ֣ת יֶדְכֶ֔ם וְכֹל֙ מִבְחַ֣ר נִדְרֵיכֶ֔ם אֲשֶׁ֥ר תִּדְּר֖וּ לַֽיהוָֽה׃	NUMERIC	1/10	Pointed OL form is a genuine cardinal, ordinal, fraction, or numeric scale in context.
DEU	16	9	DEU 16:9	HEB	2	שָׁבֻעֹ֖ת	שָׁבֻעֹת	7	cardinal	NOVEL_NUMERIC_CANDIDATE		0	שִׁבְעָ֥ה שָׁבֻעֹ֖ת תִּסְפָּר־לָ֑ךְ מֵהָחֵ֤ל חֶרְמֵשׁ֙ בַּקָּמָ֔ה תָּחֵ֣ל לִסְפֹּ֔ר שִׁבְעָ֖ה שָׁבֻעֽוֹת׃	EXCLUDED_LEXICAL_HOMOGRAPH		Pointed OL form is lexical/non-numeric in this context; excluded from the numeric index.
DEU	19	3	DEU 19:3	HEB	4	וְשִׁלַּשְׁתָּ֙	וְשִׁלַּשְׁתָּ	3	cardinal	NOVEL_NUMERIC_CANDIDATE		0	תָּכִ֣ין לְךָ֮ הַדֶּרֶךְ֒ וְשִׁלַּשְׁתָּ֙ אֶת־גְּב֣וּל אַרְצְךָ֔ אֲשֶׁ֥ר יַנְחִֽילְךָ֖ יְהוָ֣ה אֱלֹהֶ֑יךָ וְהָיָ֕ה לָנ֥וּס שָׁ֖מָּה כָּל־רֹצֵֽחַ׃	NUMERIC	3	Pointed OL form is a genuine cardinal, ordinal, fraction, or numeric scale in context.
DEU	28	4	DEU 28:4	HEB	9	אֲלָפֶ֖יךָ	אֲלָפֶיךָ	1000	scale1000	NOVEL_NUMERIC_CANDIDATE		0	בָּר֧וּךְ פְּרִֽי־בִטְנְךָ֛ וּפְרִ֥י אַדְמָתְךָ֖ וּפְרִ֣י בְהֶמְתֶּ֑ךָ שְׁגַ֥ר אֲלָפֶ֖יךָ וְעַשְׁתְּר֥וֹת צֹאנֶֽךָ׃	EXCLUDED_LEXICAL_HOMOGRAPH		Pointed OL form is lexical/non-numeric in this context; excluded from the numeric index.
DEU	28	18	DEU 28:18	HEB	7	אֲלָפֶ֖יךָ	אֲלָפֶיךָ	1000	scale1000	NOVEL_NUMERIC_CANDIDATE		0	אָר֥וּר פְּרִֽי־בִטְנְךָ֖ וּפְרִ֣י אַדְמָתֶ֑ךָ שְׁגַ֥ר אֲלָפֶ֖יךָ וְעַשְׁתְּר֥וֹת צֹאנֶֽךָ׃	EXCLUDED_LEXICAL_HOMOGRAPH		Pointed OL form is lexical/non-numeric in this context; excluded from the numeric index.
DEU	28	51	DEU 28:51	HEB	16	אֲלָפֶ֖יךָ	אֲלָפֶיךָ	1000	scale1000	NOVEL_NUMERIC_CANDIDATE		0	וְ֠אָכַל פְּרִ֨י בְהֶמְתְּךָ֥ וּפְרִֽי־אַדְמָתְךָ֮ עַ֣ד הִשָּֽׁמְדָךְ֒ אֲשֶׁ֨ר לֹֽא־יַשְׁאִ֜יר לְךָ֗ דָּגָן֙ תִּיר֣וֹשׁ וְיִצְהָ֔ר שְׁגַ֥ר אֲלָפֶ֖יךָ וְעַשְׁתְּרֹ֣ת צֹאנֶ֑ךָ עַ֥ד הַאֲבִיד֖וֹ אֹתָֽךְ׃	EXCLUDED_LEXICAL_HOMOGRAPH		Pointed OL form is lexical/non-numeric in this context; excluded from the numeric index.
DEU	33	2	DEU 33:2	HEB	12	מֵרִבְבֹ֣ת	מֵרִבְבֹת	10000	scale10000	NOVEL_NUMERIC_CANDIDATE		0	וַיֹּאמַ֗ר יְהוָ֞ה מִסִּינַ֥י בָּא֙ וְזָרַ֤ח מִשֵּׂעִיר֙ לָ֔מוֹ הוֹפִ֙יעַ֙ מֵהַ֣ר פָּארָ֔ן וְאָתָ֖ה מֵרִבְבֹ֣ת קֹ֑דֶשׁ מִֽימִינ֕וֹ *אֵשׁדָּת **אֵ֥שׁ **דָּ֖ת לָֽמוֹ׃	NUMERIC	10000	Pointed OL form is a genuine cardinal, ordinal, fraction, or numeric scale in context.
ECC	4	9	ECC 4:9	HEB	2	הַשְּׁנַ֖יִם	הַשְּׁנַיִם	2	cardinal_or_ordinal	NOVEL_NUMERIC_CANDIDATE		0	טוֹבִ֥ים הַשְּׁנַ֖יִם מִן־הָאֶחָ֑ד אֲשֶׁ֧ר יֵשׁ־לָהֶ֛ם שָׂכָ֥ר ט֖וֹב בַּעֲמָלָֽם׃	NUMERIC	2	Pointed OL form is a genuine cardinal, ordinal, fraction, or numeric scale in context.
ECC	4	12	ECC 4:12	HEB	4	הַשְּׁנַ֖יִם	הַשְּׁנַיִם	2	cardinal_or_ordinal	NOVEL_NUMERIC_CANDIDATE		0	וְאִֽם־יִתְקְפוֹ֙ הָאֶחָ֔ד הַשְּׁנַ֖יִם יַעַמְד֣וּ נֶגְדּ֑וֹ וְהַחוּט֙ הַֽמְשֻׁלָּ֔שׁ לֹ֥א בִמְהֵרָ֖ה יִנָּתֵֽק׃	NUMERIC	2	Pointed OL form is a genuine cardinal, ordinal, fraction, or numeric scale in context.
ECC	4	12	ECC 4:12	HEB	8	הַֽמְשֻׁלָּ֔שׁ	הַמְשֻׁלָּשׁ	3	cardinal	NOVEL_NUMERIC_CANDIDATE		0	וְאִֽם־יִתְקְפוֹ֙ הָאֶחָ֔ד הַשְּׁנַ֖יִם יַעַמְד֣וּ נֶגְדּ֑וֹ וְהַחוּט֙ הַֽמְשֻׁלָּ֔שׁ לֹ֥א בִמְהֵרָ֖ה יִנָּתֵֽק׃	NUMERIC	3	Pointed OL form is a genuine cardinal, ordinal, fraction, or numeric scale in context.
ECC	5	11	ECC 5:11	HEB	9	וְהַשָּׂבָע֙	וְהַשָּׂבָע	7	cardinal	NOVEL_NUMERIC_CANDIDATE		0	מְתוּקָה֙ שְׁנַ֣ת הָעֹבֵ֔ד אִם־מְעַ֥ט וְאִם־הַרְבֵּ֖ה יֹאכֵ֑ל וְהַשָּׂבָע֙ לֶֽעָשִׁ֔יר אֵינֶ֛נּוּ מַנִּ֥יחַֽ ל֖וֹ לִישֽׁוֹן׃	EXCLUDED_LEXICAL_HOMOGRAPH		Pointed OL form is lexical/non-numeric in this context; excluded from the numeric index.
ECC	10	6	ECC 10:6	HEB	5	וַעֲשִׁירִ֖ים	וַעֲשִׁירִים	10	ordinal	NOVEL_NUMERIC_CANDIDATE		0	נִתַּ֣ן הַסֶּ֔כֶל בַּמְּרוֹמִ֖ים רַבִּ֑ים וַעֲשִׁירִ֖ים בַּשֵּׁ֥פֶל יֵשֵֽׁבוּ׃	EXCLUDED_LEXICAL_HOMOGRAPH		Pointed OL form is lexical/non-numeric in this context; excluded from the numeric index.
ECC	11	6	ECC 11:6	HEB	20	כְּאֶחָ֖ד	כְּאֶחָד	1	cardinal	NOVEL_NUMERIC_CANDIDATE		0	בַּבֹּ֙קֶר֙ זְרַ֣ע אֶת־זַרְעֶ֔ךָ וְלָעֶ֖רֶב אַל־תַּנַּ֣ח יָדֶ֑ךָ כִּי֩ אֵֽינְךָ֨ יוֹדֵ֜ע אֵ֣י זֶ֤ה יִכְשָׁר֙ הֲזֶ֣ה אוֹ־זֶ֔ה וְאִם־שְׁנֵיהֶ֥ם כְּאֶחָ֖ד טוֹבִֽים׃	NUMERIC	1	Pointed OL form is a genuine cardinal, ordinal, fraction, or numeric scale in context.
EPH	2	14	EPH 2:14	GRK	11	ἓν	ἓν	1	cardinal	NOVEL_NUMERIC_CANDIDATE		0	Αὐτὸς γάρ ἐστιν ἡ εἰρήνη ἡμῶν, ὁ ποιήσας τὰ ἀμφότερα ἓν καὶ τὸ μεσότοιχον τοῦ φραγμοῦ λύσας, τὴν ἔχθραν ἐν τῇ σαρκὶ αὐτοῦ,	NUMERIC	1	Pointed OL form is a genuine cardinal, ordinal, fraction, or numeric scale in context.
EPH	4	4	EPH 4:4	GRK	1	ἓν	ἓν	1	cardinal	NOVEL_NUMERIC_CANDIDATE		0	ἓν σῶμα καὶ ἓν πνεῦμα, καθὼς καὶ ἐκλήθητε ἐν μιᾷ ἐλπίδι τῆς κλήσεως ὑμῶν·	NUMERIC	1	Pointed OL form is a genuine cardinal, ordinal, fraction, or numeric scale in context.
EPH	4	4	EPH 4:4	GRK	4	ἓν	ἓν	1	cardinal	NOVEL_NUMERIC_CANDIDATE		0	ἓν σῶμα καὶ ἓν πνεῦμα, καθὼς καὶ ἐκλήθητε ἐν μιᾷ ἐλπίδι τῆς κλήσεως ὑμῶν·	NUMERIC	1	Pointed OL form is a genuine cardinal, ordinal, fraction, or numeric scale in context.
EPH	4	5	EPH 4:5	GRK	5	ἓν	ἓν	1	cardinal	NOVEL_NUMERIC_CANDIDATE		0	εἷς κύριος, μία πίστις, ἓν βάπτισμα,	NUMERIC	1	Pointed OL form is a genuine cardinal, ordinal, fraction, or numeric scale in context.
EST	1	9	EST 1:9	HEB	2	וַשְׁתִּ֣י	וַשְׁתִּי	2	cardinal_or_ordinal	NOVEL_NUMERIC_CANDIDATE		0	גַּ֚ם וַשְׁתִּ֣י הַמַּלְכָּ֔ה עָשְׂתָ֖ה מִשְׁתֵּ֣ה נָשִׁ֑ים בֵּ֚ית הַמַּלְכ֔וּת אֲשֶׁ֖ר לַמֶּ֥לֶךְ אֲחַשְׁוֵרֽוֹשׁ׃ ס	EXCLUDED_LEXICAL_HOMOGRAPH		Pointed OL form is lexical/non-numeric in this context; excluded from the numeric index.
EST	1	11	EST 1:11	HEB	3	וַשְׁתִּ֧י	וַשְׁתִּי	2	cardinal_or_ordinal	NOVEL_NUMERIC_CANDIDATE		0	לְ֠הָבִיא אֶת־וַשְׁתִּ֧י הַמַּלְכָּ֛ה לִפְנֵ֥י הַמֶּ֖לֶךְ בְּכֶ֣תֶר מַלְכ֑וּת לְהַרְא֨וֹת הָֽעַמִּ֤ים וְהַשָּׂרִים֙ אֶת־יָפְיָ֔הּ כִּֽי־טוֹבַ֥ת מַרְאֶ֖ה הִֽיא׃	EXCLUDED_LEXICAL_HOMOGRAPH		Pointed OL form is lexical/non-numeric in this context; excluded from the numeric index.
EST	1	12	EST 1:12	HEB	3	וַשְׁתִּ֗י	וַשְׁתִּי	2	cardinal_or_ordinal	NOVEL_NUMERIC_CANDIDATE		0	וַתְּמָאֵ֞ן הַמַּלְכָּ֣ה וַשְׁתִּ֗י לָבוֹא֙ בִּדְבַ֣ר הַמֶּ֔לֶךְ אֲשֶׁ֖ר בְּיַ֣ד הַסָּרִיסִ֑ים וַיִּקְצֹ֤ף הַמֶּ֙לֶךְ֙ מְאֹ֔ד וַחֲמָת֖וֹ בָּעֲרָ֥ה בֽוֹ׃	EXCLUDED_LEXICAL_HOMOGRAPH		Pointed OL form is lexical/non-numeric in this context; excluded from the numeric index.
EST	1	15	EST 1:15	HEB	5	וַשְׁתִּ֑י	וַשְׁתִּי	2	cardinal_or_ordinal	NOVEL_NUMERIC_CANDIDATE		0	כְּדָת֙ מַֽה־לַּעֲשׂ֔וֹת בַּמַּלְכָּ֖ה וַשְׁתִּ֑י עַ֣ל_׀ אֲשֶׁ֣ר לֹֽא־עָשְׂתָ֗ה אֶֽת־מַאֲמַר֙ הַמֶּ֣לֶךְ אֲחַשְׁוֵר֔וֹשׁ בְּיַ֖ד הַסָּרִיסִֽים׃ ס	EXCLUDED_LEXICAL_HOMOGRAPH		Pointed OL form is lexical/non-numeric in this context; excluded from the numeric index.
EST	1	16	EST 1:16	HEB	12	וַשְׁתִּ֣י	וַשְׁתִּי	2	cardinal_or_ordinal	NOVEL_NUMERIC_CANDIDATE		0	וַיֹּ֣אמֶר *מוּמְכָן **מְמוּכָ֗ן לִפְנֵ֤י הַמֶּ֙לֶךְ֙ וְהַשָּׂרִ֔ים לֹ֤א עַל־הַמֶּ֙לֶךְ֙ לְבַדּ֔וֹ עָוְתָ֖ה וַשְׁתִּ֣י הַמַּלְכָּ֑ה כִּ֤י עַל־כָּל־הַשָּׂרִים֙ וְעַל־כָּל־הָ֣עַמִּ֔ים אֲשֶׁ֕ר בְּכָל־מְדִינ֖וֹת הַמֶּ֥לֶךְ אֲחַשְׁוֵרֽוֹשׁ׃	EXCLUDED_LEXICAL_HOMOGRAPH		Pointed OL form is lexical/non-numeric in this context; excluded from the numeric index.
EST	1	17	EST 1:17	HEB	17	וַשְׁתִּ֧י	וַשְׁתִּי	2	cardinal_or_ordinal	NOVEL_NUMERIC_CANDIDATE		0	כִּֽי־יֵצֵ֤א דְבַר־הַמַּלְכָּה֙ עַל־כָּל־הַנָּשִׁ֔ים לְהַבְז֥וֹת בַּעְלֵיהֶ֖ן בְּעֵינֵיהֶ֑ן בְּאָמְרָ֗ם הַמֶּ֣לֶךְ אֲחַשְׁוֵר֡וֹשׁ אָמַ֞ר לְהָבִ֨יא אֶת־וַשְׁתִּ֧י הַמַּלְכָּ֛ה לְפָנָ֖יו וְלֹא־בָֽאָה׃	EXCLUDED_LEXICAL_HOMOGRAPH		Pointed OL form is lexical/non-numeric in this context; excluded from the numeric index.
EST	1	19	EST 1:19	HEB	18	וַשְׁתִּ֗י	וַשְׁתִּי	2	cardinal_or_ordinal	NOVEL_NUMERIC_CANDIDATE		0	אִם־עַל־הַמֶּ֣לֶךְ ט֗וֹב יֵצֵ֤א דְבַר־מַלְכוּת֙ מִלְּפָנָ֔יו וְיִכָּתֵ֛ב בְּדָתֵ֥י פָֽרַס־וּמָדַ֖י וְלֹ֣א יַעֲב֑וֹר אֲשֶׁ֨ר לֹֽא־תָב֜וֹא וַשְׁתִּ֗י לִפְנֵי֙ הַמֶּ֣לֶךְ אֲחַשְׁוֵר֔וֹשׁ וּמַלְכוּתָהּ֙ יִתֵּ֣ן הַמֶּ֔לֶךְ לִרְעוּתָ֖הּ הַטּוֹבָ֥ה מִמֶּֽנָּה׃	EXCLUDED_LEXICAL_HOMOGRAPH		Pointed OL form is lexical/non-numeric in this context; excluded from the numeric index.
EST	2	1	EST 2:1	HEB	10	וַשְׁתִּי֙	וַשְׁתִּי	2	cardinal_or_ordinal	NOVEL_NUMERIC_CANDIDATE		0	אַחַר֙ הַדְּבָרִ֣ים הָאֵ֔לֶּה כְּשֹׁ֕ךְ חֲמַ֖ת הַמֶּ֣לֶךְ אֲחַשְׁוֵר֑וֹשׁ זָכַ֤ר אֶת־וַשְׁתִּי֙ וְאֵ֣ת אֲשֶׁר־עָשָׂ֔תָה וְאֵ֥ת אֲשֶׁר־נִגְזַ֖ר עָלֶֽיהָ׃	EXCLUDED_LEXICAL_HOMOGRAPH		Pointed OL form is lexical/non-numeric in this context; excluded from the numeric index.
EST	2	4	EST 2:4	HEB	8	וַשְׁתִּ֑י	וַשְׁתִּי	2	cardinal_or_ordinal	NOVEL_NUMERIC_CANDIDATE		0	וְהַֽנַּעֲרָ֗ה אֲשֶׁ֤ר תִּיטַב֙ בְּעֵינֵ֣י הַמֶּ֔לֶךְ תִּמְלֹ֖ךְ תַּ֣חַת וַשְׁתִּ֑י וַיִּיטַ֧ב הַדָּבָ֛ר בְּעֵינֵ֥י הַמֶּ֖לֶךְ וַיַּ֥עַשׂ כֵּֽן׃ ס	EXCLUDED_LEXICAL_HOMOGRAPH		Pointed OL form is lexical/non-numeric in this context; excluded from the numeric index.
EST	2	17	EST 2:17	HEB	19	וַשְׁתִּֽי׃	וַשְׁתִּי	2	cardinal_or_ordinal	NOVEL_NUMERIC_CANDIDATE		0	וַיֶּאֱהַ֨ב הַמֶּ֤לֶךְ אֶת־אֶסְתֵּר֙ מִכָּל־הַנָּשִׁ֔ים וַתִּשָּׂא־חֵ֥ן וָחֶ֛סֶד לְפָנָ֖יו מִכָּל־הַבְּתוּלֹ֑ת וַיָּ֤שֶׂם כֶּֽתֶר־מַלְכוּת֙ בְּרֹאשָׁ֔הּ וַיַּמְלִיכֶ֖הָ תַּ֥חַת וַשְׁתִּֽי׃	EXCLUDED_LEXICAL_HOMOGRAPH		Pointed OL form is lexical/non-numeric in this context; excluded from the numeric index.
EXO	10	1	EXO 10:1	HEB	17	שִׁתִ֛י	שִׁתִי	2	cardinal_or_ordinal	NOVEL_NUMERIC_CANDIDATE		0	וַיֹּ֤אמֶר יְהוָה֙ אֶל־מֹשֶׁ֔ה בֹּ֖א אֶל־פַּרְעֹ֑ה כִּֽי־אֲנִ֞י הִכְבַּ֤דְתִּי אֶת־לִבּוֹ֙ וְאֶת־לֵ֣ב עֲבָדָ֔יו לְמַ֗עַן שִׁתִ֛י אֹתֹתַ֥י אֵ֖לֶּה בְּקִרְבּֽוֹ׃	EXCLUDED_LEXICAL_HOMOGRAPH		Pointed OL form is lexical/non-numeric in this context; excluded from the numeric index.
EXO	13	18	EXO 13:18	HEB	9	וַחֲמֻשִׁ֛ים	וַחֲמֻשִׁים	50	cardinal	NOVEL_NUMERIC_CANDIDATE		0	וַיַּסֵּ֨ב אֱלֹהִ֧ים_׀ אֶת־הָעָ֛ם דֶּ֥רֶךְ הַמִּדְבָּ֖ר יַם־ס֑וּף וַחֲמֻשִׁ֛ים עָל֥וּ בְנֵי־יִשְׂרָאֵ֖ל מֵאֶ֥רֶץ מִצְרָֽיִם׃	EXCLUDED_LEXICAL_HOMOGRAPH		Pointed OL form is lexical/non-numeric in this context; excluded from the numeric index.
EXO	20	5	EXO 20:5	HEB	18	שִׁלֵּשִׁ֥ים	שִׁלֵּשִׁים	30	cardinal	NOVEL_NUMERIC_CANDIDATE		0	לֹֽא־תִשְׁתַּחְוֶ֥֣ה לָהֶ֖ם֮ וְלֹ֣א תָעָבְדֵ֑ם֒ כִּ֣י אֽ͏ָנֹכִ֞י יְהוָ֤ה אֱלֹהֶ֙יךָ֙ אֵ֣ל קַנָּ֔א פֹּ֠קֵד עֲוֺ֨ן אָבֹ֧ת עַל־בָּנִ֛ים עַל־שִׁלֵּשִׁ֥ים וְעַל־רִבֵּעִ֖ים לְשֹׂנְאָֽ֑י׃	NUMERIC	3	Pointed OL form is a genuine cardinal, ordinal, fraction, or numeric scale in context.
EXO	21	11	EXO 21:11	HEB	2	שְׁלָ֨שׁ	שְׁלָשׁ	3	cardinal	NOVEL_NUMERIC_CANDIDATE		0	וְאִם־שְׁלָ֨שׁ־אֵ֔לֶּה לֹ֥א יַעֲשֶׂ֖ה לָ֑הּ וְיָצְאָ֥ה חִנָּ֖ם אֵ֥ין כָּֽסֶף׃ ס	NUMERIC	3	Pointed OL form is a genuine cardinal, ordinal, fraction, or numeric scale in context.
EXO	25	18	EXO 25:18	HEB	8	מִשְּׁנֵ֖י	מִשְּׁנֵי	2	cardinal_or_ordinal	NOVEL_NUMERIC_CANDIDATE		0	וְעָשִׂ֛יתָ שְׁנַ֥יִם כְּרֻבִ֖ים זָהָ֑ב מִקְשָׁה֙ תַּעֲשֶׂ֣ה אֹתָ֔ם מִשְּׁנֵ֖י קְצ֥וֹת הַכַּפֹּֽרֶת׃	NUMERIC	2	Pointed OL form is a genuine cardinal, ordinal, fraction, or numeric scale in context.
EXO	28	5	EXO 28:5	HEB	13	הַשֵּֽׁשׁ׃	הַשֵּׁשׁ	6	cardinal	NOVEL_NUMERIC_CANDIDATE		0	וְהֵם֙ יִקְח֣וּ אֶת־הַזָּהָ֔ב וְאֶת־הַתְּכֵ֖לֶת וְאֶת־הָֽאַרְגָּמָ֑ן וְאֶת־תּוֹלַ֥עַת הַשָּׁנִ֖י וְאֶת־הַשֵּֽׁשׁ׃ פ	EXCLUDED_LEXICAL_HOMOGRAPH		Pointed OL form is lexical/non-numeric in this context; excluded from the numeric index.
EXO	30	23	EXO 30:23	HEB	12	מַחֲצִית֖וֹ	מַחֲצִיתוֹ	1/2	fraction	NOVEL_NUMERIC_CANDIDATE		0	וְאַתָּ֣ה קַח־לְךָ֮ בְּשָׂמִ֣ים רֹאשׁ֒ מָר־דְּרוֹר֙ חֲמֵ֣שׁ מֵא֔וֹת וְקִנְּמָן־בֶּ֥שֶׂם מַחֲצִית֖וֹ חֲמִשִּׁ֣ים וּמָאתָ֑יִם וּקְנֵה־בֹ֖שֶׂם חֲמִשִּׁ֥ים וּמָאתָֽיִם׃	NUMERIC	1/2	Pointed OL form is a genuine cardinal, ordinal, fraction, or numeric scale in context.
EXO	32	15	EXO 32:15	HEB	12	מִשְּׁנֵ֣י	מִשְּׁנֵי	2	cardinal_or_ordinal	NOVEL_NUMERIC_CANDIDATE		0	וַיִּ֜פֶן וַיֵּ֤רֶד מֹשֶׁה֙ מִן־הָהָ֔ר וּשְׁנֵ֛י לֻחֹ֥ת הָעֵדֻ֖ת בְּיָד֑וֹ לֻחֹ֗ת כְּתֻבִים֙ מִשְּׁנֵ֣י עֶבְרֵיהֶ֔ם מִזֶּ֥ה וּמִזֶּ֖ה הֵ֥ם כְּתֻבִֽים׃	NUMERIC	2	Pointed OL form is a genuine cardinal, ordinal, fraction, or numeric scale in context.
EXO	34	7	EXO 34:7	HEB	20	שִׁלֵּשִׁ֖ים	שִׁלֵּשִׁים	30	cardinal	NOVEL_NUMERIC_CANDIDATE		0	נֹצֵ֥ר חֶ֙סֶד֙ לָאֲלָפִ֔ים נֹשֵׂ֥א עָוֺ֛ן וָפֶ֖שַׁע וְחַטָּאָ֑ה וְנַקֵּה֙ לֹ֣א יְנַקֶּ֔ה פֹּקֵ֣ד_׀ עֲוֺ֣ן אָב֗וֹת עַל־בָּנִים֙ וְעַל־בְּנֵ֣י בָנִ֔ים עַל־שִׁלֵּשִׁ֖ים וְעַל־רִבֵּעִֽים׃	NUMERIC	3	Pointed OL form is a genuine cardinal, ordinal, fraction, or numeric scale in context.
EXO	34	22	EXO 34:22	HEB	2	שָׁבֻעֹת֙	שָׁבֻעֹת	7	cardinal	NOVEL_NUMERIC_CANDIDATE		0	וְחַ֤ג שָׁבֻעֹת֙ תַּעֲשֶׂ֣ה לְךָ֔ בִּכּוּרֵ֖י קְצִ֣יר חִטִּ֑ים וְחַג֙ הָֽאָסִ֔יף תְּקוּפַ֖ת הַשָּׁנָֽה׃	EXCLUDED_LEXICAL_HOMOGRAPH		Pointed OL form is lexical/non-numeric in this context; excluded from the numeric index.
EXO	35	25	EXO 35:25	HEB	17	הַשֵּֽׁשׁ׃	הַשֵּׁשׁ	6	cardinal	NOVEL_NUMERIC_CANDIDATE		0	וְכָל־אִשָּׁ֥ה חַכְמַת־לֵ֖ב בְּיָדֶ֣יהָ טָו֑וּ וַיָּבִ֣יאוּ מַטְוֶ֗ה אֶֽת־הַתְּכֵ֙לֶת֙ וְאֶת־הָֽאַרְגָּמָ֔ן אֶת־תּוֹלַ֥עַת הַשָּׁנִ֖י וְאֶת־הַשֵּֽׁשׁ׃	EXCLUDED_LEXICAL_HOMOGRAPH		Pointed OL form is lexical/non-numeric in this context; excluded from the numeric index.
EXO	35	35	EXO 35:35	HEB	15	וּבַשֵּׁ֖שׁ	וּבַשֵּׁשׁ	6	cardinal	NOVEL_NUMERIC_CANDIDATE		0	מִלֵּ֨א אֹתָ֜ם חָכְמַת־לֵ֗ב לַעֲשׂוֹת֮ כָּל־מְלֶ֣אכֶת חָרָ֣שׁ_׀ וְחֹשֵׁב֒ וְרֹקֵ֞ם בַּתְּכֵ֣לֶת וּבָֽאַרְגָּמָ֗ן בְּתוֹלַ֧עַת הַשָּׁנִ֛י וּבַשֵּׁ֖שׁ וְאֹרֵ֑ג עֹשֵׂי֙ כָּל־מְלָאכָ֔ה וְחֹשְׁבֵ֖י מַחֲשָׁבֹֽת׃	EXCLUDED_LEXICAL_HOMOGRAPH		Pointed OL form is lexical/non-numeric in this context; excluded from the numeric index.
EXO	37	7	EXO 37:7	HEB	8	מִשְּׁנֵ֖י	מִשְּׁנֵי	2	cardinal_or_ordinal	NOVEL_NUMERIC_CANDIDATE		0	וַיַּ֛עַשׂ שְׁנֵ֥י כְרֻבִ֖ים זָהָ֑ב מִקְשָׁה֙ עָשָׂ֣ה אֹתָ֔ם מִשְּׁנֵ֖י קְצ֥וֹת הַכַּפֹּֽרֶת׃	NUMERIC	2	Pointed OL form is a genuine cardinal, ordinal, fraction, or numeric scale in context.
EXO	37	8	EXO 37:8	HEB	14	מִשְּׁנֵ֥י	מִשְּׁנֵי	2	cardinal_or_ordinal	NOVEL_NUMERIC_CANDIDATE		0	כְּרוּב־אֶחָ֤ד מִקָּצָה֙ מִזֶּ֔ה וּכְרוּב־אֶחָ֥ד מִקָּצָ֖ה מִזֶּ֑ה מִן־הַכַּפֹּ֛רֶת עָשָׂ֥ה אֶת־הַכְּרֻבִ֖ים מִשְּׁנֵ֥י *קְצָווֹתָו **קְצוֹתָֽיו׃	NUMERIC	2	Pointed OL form is a genuine cardinal, ordinal, fraction, or numeric scale in context.
EXO	38	4	EXO 38:4	HEB	11	חֶצְיֽוֹ׃	חֶצְיוֹ	1/2	fraction	NOVEL_NUMERIC_CANDIDATE		0	וַיַּ֤עַשׂ לַמִּזְבֵּ֙חַ֙ מִכְבָּ֔ר מַעֲשֵׂ֖ה רֶ֣שֶׁת נְחֹ֑שֶׁת תַּ֧חַת כַּרְכֻּבּ֛וֹ מִלְּמַ֖טָּה עַד־חֶצְיֽוֹ׃	NUMERIC	1/2	Pointed OL form is a genuine cardinal, ordinal, fraction, or numeric scale in context.
EXO	38	23	EXO 38:23	HEB	14	וּבַשֵּֽׁשׁ׃	וּבַשֵּׁשׁ	6	cardinal	NOVEL_NUMERIC_CANDIDATE		0	וְאִתּ֗וֹ אָהֳלִיאָ֞ב בֶּן־אֲחִיסָמָ֛ךְ לְמַטֵּה־דָ֖ן חָרָ֣שׁ וְחֹשֵׁ֑ב וְרֹקֵ֗ם בַּתְּכֵ֙לֶת֙ וּבָֽאַרְגָּמָ֔ן וּבְתוֹלַ֥עַת הַשָּׁנִ֖י וּבַשֵּֽׁשׁ׃ ס	EXCLUDED_LEXICAL_HOMOGRAPH		Pointed OL form is lexical/non-numeric in this context; excluded from the numeric index.
EXO	39	3	EXO 39:3	HEB	16	הַשֵּׁ֑שׁ	הַשֵּׁשׁ	6	cardinal	NOVEL_NUMERIC_CANDIDATE		0	וַֽיְרַקְּע֞וּ אֶת־פַּחֵ֣י הַזָּהָב֮ וְקִצֵּ֣ץ פְּתִילִם֒ לַעֲשׂ֗וֹת בְּת֤וֹךְ הַתְּכֵ֙לֶת֙ וּבְת֣וֹךְ הָֽאַרְגָּמָ֔ן וּבְת֛וֹךְ תּוֹלַ֥עַת הַשָּׁנִ֖י וּבְת֣וֹךְ הַשֵּׁ֑שׁ מַעֲשֵׂ֖ה חֹשֵֽׁב׃	EXCLUDED_LEXICAL_HOMOGRAPH		Pointed OL form is lexical/non-numeric in this context; excluded from the numeric index.
EZK	5	12	EZK 5:12	HEB	1	שְׁלִשִׁתֵ֞יךְ	שְׁלִשִׁתֵיךְ	3	cardinal	NOVEL_NUMERIC_CANDIDATE		0	שְׁלִשִׁתֵ֞יךְ בַּדֶּ֣בֶר יָמ֗וּתוּ וּבָֽרָעָב֙ יִכְל֣וּ בְתוֹכֵ֔ךְ וְהַ֨שְּׁלִשִׁ֔ית בַּחֶ֖רֶב יִפְּל֣וּ סְבִיבוֹתָ֑יִךְ וְהַשְּׁלִישִׁית֙ לְכָל־ר֣וּחַ אֱזָרֶ֔ה וְחֶ֖רֶב אָרִ֥יק אַחֲרֵיהֶֽם׃	NUMERIC	1/3	Pointed OL form is a genuine cardinal, ordinal, fraction, or numeric scale in context.
EZK	16	10	EZK 16:10	HEB	6	בַּשֵּׁ֔שׁ	בַּשֵּׁשׁ	6	cardinal	NOVEL_NUMERIC_CANDIDATE		0	וָאַלְבִּישֵׁ֣ךְ רִקְמָ֔ה וָאֶנְעֲלֵ֖ךְ תָּ֑חַשׁ וָאֶחְבְּשֵׁ֣ךְ בַּשֵּׁ֔שׁ וַאֲכַסֵּ֖ךְ מֶֽשִׁי׃	EXCLUDED_LEXICAL_HOMOGRAPH		Pointed OL form is lexical/non-numeric in this context; excluded from the numeric index.
EZK	16	13	EZK 16:13	HEB	5	שֵׁשִׁי	שֵׁשִׁי	6	ordinal	NOVEL_NUMERIC_CANDIDATE		0	וַתַּעְדִּ֞י זָהָ֣ב וָכֶ֗סֶף וּמַלְבּוּשֵׁךְ֙ *שֵׁשִׁי **שֵׁ֤שׁ וָמֶ֙שִׁי֙ וְרִקְמָ֔ה סֹ֧לֶת וּדְבַ֛שׁ וָשֶׁ֖מֶן *אָכָלְתִּי **אָכָ֑לְתְּ וַתִּ֙יפִי֙ בִּמְאֹ֣ד מְאֹ֔ד וַֽתִּצְלְחִ֖י לִמְלוּכָֽה׃	EXCLUDED_LEXICAL_HOMOGRAPH		Pointed OL form is lexical/non-numeric in this context; excluded from the numeric index.
EZK	16	28	EZK 16:28	HEB	10	שָׂבָֽעַתְּ׃	שָׂבָעַתְּ	7	cardinal	NOVEL_NUMERIC_CANDIDATE		0	וַתִּזְנִי֙ אֶל־בְּנֵ֣י אַשּׁ֔וּר מִבִּלְתִּ֖י שָׂבְעָתֵ֑ךְ וַתִּזְנִ֕ים וְגַ֖ם לֹ֥א שָׂבָֽעַתְּ׃	EXCLUDED_LEXICAL_HOMOGRAPH		Pointed OL form is lexical/non-numeric in this context; excluded from the numeric index.
EZK	16	29	EZK 16:29	HEB	11	שָׂבָֽעַתְּ׃	שָׂבָעַתְּ	7	cardinal	NOVEL_NUMERIC_CANDIDATE		0	וַתַּרְבִּ֧י אֶת־תַּזְנוּתֵ֛ךְ אֶל־אֶ֥רֶץ כְּנַ֖עַן כַּשְׂדִּ֑ימָה וְגַם־בְּזֹ֖את לֹ֥א שָׂבָֽעַתְּ׃	EXCLUDED_LEXICAL_HOMOGRAPH		Pointed OL form is lexical/non-numeric in this context; excluded from the numeric index.
EZK	16	49	EZK 16:49	HEB	8	שִׂבְעַת	שִׂבְעַת	7	cardinal	NOVEL_NUMERIC_CANDIDATE		0	הִנֵּה־זֶ֣ה הָיָ֔ה עֲוֺ֖ן סְדֹ֣ם אֲחוֹתֵ֑ךְ גָּא֨וֹן שִׂבְעַת־לֶ֜חֶם וְשַׁלְוַ֣ת הַשְׁקֵ֗ט הָ֤יָה לָהּ֙ וְלִבְנוֹתֶ֔יהָ וְיַד־עָנִ֥י וְאֶבְי֖וֹן לֹ֥א הֶחֱזִֽיקָה׃	EXCLUDED_LEXICAL_HOMOGRAPH		Pointed OL form is lexical/non-numeric in this context; excluded from the numeric index.
EZK	17	24	EZK 17:24	HEB	14	הוֹבַ֙שְׁתִּי֙	הוֹבַשְׁתִּי	2	cardinal_or_ordinal	NOVEL_NUMERIC_CANDIDATE		0	וְֽיָדְע֞וּ כָּל־עֲצֵ֣י הַשָּׂדֶ֗ה כִּ֣י אֲנִ֤י יְהוָה֙ הִשְׁפַּ֣לְתִּי_׀ עֵ֣ץ גָּבֹ֗הַ הִגְבַּ֙הְתִּי֙ עֵ֣ץ שָׁפָ֔ל הוֹבַ֙שְׁתִּי֙ עֵ֣ץ לָ֔ח וְהִפְרַ֖חְתִּי עֵ֣ץ יָבֵ֑שׁ אֲנִ֥י יְהוָ֖ה דִּבַּ֥רְתִּי וְעָשִֽׂיתִי׃ פ	EXCLUDED_LEXICAL_HOMOGRAPH		Pointed OL form is lexical/non-numeric in this context; excluded from the numeric index.
EZK	18	2	EZK 18:2	HEB	15	וְשִׁנֵּ֥י	וְשִׁנֵּי	2	cardinal_or_ordinal	NOVEL_NUMERIC_CANDIDATE		0	מַה־לָּכֶ֗ם אַתֶּם֙ מֹֽשְׁלִים֙ אֶת־הַמָּשָׁ֣ל הַזֶּ֔ה עַל־אַדְמַ֥ת יִשְׂרָאֵ֖ל לֵאמֹ֑ר אָבוֹת֙ יֹ֣אכְלוּ בֹ֔סֶר וְשִׁנֵּ֥י הַבָּנִ֖ים תִּקְהֶֽינָה׃	EXCLUDED_LEXICAL_HOMOGRAPH		Pointed OL form is lexical/non-numeric in this context; excluded from the numeric index.
EZK	23	15	EZK 23:15	HEB	8	שָׁלִשִׁ֖ים	שָׁלִשִׁים	30	cardinal	NOVEL_NUMERIC_CANDIDATE		0	חֲגוֹרֵ֨י אֵז֜וֹר בְּמָתְנֵיהֶ֗ם סְרוּחֵ֤י טְבוּלִים֙ בְּרָ֣אשֵׁיהֶ֔ם מַרְאֵ֥ה שָׁלִשִׁ֖ים כֻּלָּ֑ם דְּמ֤וּת בְּנֵֽי־בָבֶל֙ כַּשְׂדִּ֔ים אֶ֖רֶץ מוֹלַדְתָּֽם׃	EXCLUDED_LEXICAL_HOMOGRAPH		Pointed OL form is lexical/non-numeric in this context; excluded from the numeric index.
EZK	23	23	EZK 23:23	HEB	17	שָֽׁלִשִׁים֙	שָׁלִשִׁים	30	cardinal	NOVEL_NUMERIC_CANDIDATE		0	בְּנֵ֧י בָבֶ֣ל וְכָל־כַּשְׂדִּ֗ים פְּק֤וֹד וְשׁ֙וֹעַ֙ וְק֔וֹעַ כָּל־בְּנֵ֥י אַשּׁ֖וּר אוֹתָ֑ם בַּח֨וּרֵי חֶ֜מֶד פַּח֤וֹת וּסְגָנִים֙ כֻּלָּ֔ם שָֽׁלִשִׁים֙ וּקְרוּאִ֔ים רֹכְבֵ֥י סוּסִ֖ים כֻּלָּֽם׃	EXCLUDED_LEXICAL_HOMOGRAPH		Pointed OL form is lexical/non-numeric in this context; excluded from the numeric index.
EZK	27	33	EZK 27:33	HEB	4	הִשְׂבַּ֖עַתְּ	הִשְׂבַּעַתְּ	7	cardinal	NOVEL_NUMERIC_CANDIDATE		0	בְּצֵ֤את עִזְבוֹנַ֙יִךְ֙ מִיַּמִּ֔ים הִשְׂבַּ֖עַתְּ עַמִּ֣ים רַבִּ֑ים בְּרֹ֤ב הוֹנַ֙יִךְ֙ וּמַ֣עֲרָבַ֔יִךְ הֶעֱשַׁ֖רְתְּ מַלְכֵי־אָֽרֶץ׃	EXCLUDED_LEXICAL_HOMOGRAPH		Pointed OL form is lexical/non-numeric in this context; excluded from the numeric index.
EZK	32	4	EZK 32:4	HEB	12	וְהִשְׂבַּעְתִּ֥י	וְהִשְׂבַּעְתִּי	7	cardinal	NOVEL_NUMERIC_CANDIDATE		0	וּנְטַשְׁתִּ֣יךָ בָאָ֔רֶץ עַל־פְּנֵ֥י הַשָּׂדֶ֖ה אֲטִילֶ֑ךָ וְהִשְׁכַּנְתִּ֤י עָלֶ֙יךָ֙ כָּל־ע֣וֹף הַשָּׁמַ֔יִם וְהִשְׂבַּעְתִּ֥י מִמְּךָ֖ חַיַּ֥ת כָּל־הָאָֽרֶץ׃	EXCLUDED_LEXICAL_HOMOGRAPH		Pointed OL form is lexical/non-numeric in this context; excluded from the numeric index.
EZK	34	16	EZK 34:16	HEB	13	הַשְּׁמֵנָ֧ה	הַשְּׁמֵנָה	8	cardinal	NOVEL_NUMERIC_CANDIDATE		0	אֶת־הָאֹבֶ֤דֶת אֲבַקֵּשׁ֙ וְאֶת־הַנִּדַּ֣חַת אָשִׁ֔יב וְלַנִּשְׁבֶּ֣רֶת אֶחֱבֹ֔שׁ וְאֶת־הַחוֹלָ֖ה אֲחַזֵּ֑ק וְאֶת־הַשְּׁמֵנָ֧ה וְאֶת־הַחֲזָקָ֛ה אַשְׁמִ֖יד אֶרְעֶ֥נָּה בְמִשְׁפָּֽט׃	EXCLUDED_LEXICAL_HOMOGRAPH		Pointed OL form is lexical/non-numeric in this context; excluded from the numeric index.
EZK	42	3	EZK 42:3	HEB	15	בַּשְּׁלִשִֽׁים׃	בַּשְּׁלִשִׁים	30	cardinal	NOVEL_NUMERIC_CANDIDATE		0	נֶ֣גֶד הָֽעֶשְׂרִ֗ים אֲשֶׁר֙ לֶחָצֵ֣ר הַפְּנִימִ֔י וְנֶ֣גֶד רִֽצְפָ֔ה אֲשֶׁ֖ר לֶחָצֵ֣ר הַחִֽיצוֹנָ֑ה אַתִּ֥יק אֶל־פְּנֵֽי־אַתִּ֖יק בַּשְּׁלִשִֽׁים׃	NUMERIC	3	Pointed OL form is a genuine cardinal, ordinal, fraction, or numeric scale in context.
EZK	45	13	EZK 45:13	HEB	9	וְשִׁשִּׁיתֶם֙	וְשִׁשִּׁיתֶם	6	ordinal	NOVEL_NUMERIC_CANDIDATE		0	זֹ֥את הַתְּרוּמָ֖ה אֲשֶׁ֣ר תָּרִ֑ימוּ שִׁשִּׁ֤ית הָֽאֵיפָה֙ מֵחֹ֣מֶר הַֽחִטִּ֔ים וְשִׁשִּׁיתֶם֙ הָֽאֵיפָ֔ה מֵחֹ֖מֶר הַשְּׂעֹרִֽים׃	NUMERIC	1/6	Pointed OL form is a genuine cardinal, ordinal, fraction, or numeric scale in context.
EZK	48	8	EZK 48:8	HEB	18	כְּאַחַ֤ד	כְּאַחַד	1	cardinal	NOVEL_NUMERIC_CANDIDATE		0	וְעַל֙ גְּב֣וּל יְהוּדָ֔ה מִפְּאַ֥ת קָדִ֖ים עַד־פְּאַת־יָ֑מָּה תִּהְיֶ֣ה הַתְּרוּמָ֣ה אֲ‍ֽשֶׁר־תָּרִ֡ימוּ חֲמִשָּׁה֩ וְעֶשְׂרִ֨ים אֶ֜לֶף רֹ֗חַב וְאֹ֜רֶךְ כְּאַחַ֤ד הַחֲלָקִים֙ מִפְּאַ֤ת קָדִ֙ימָה֙ עַד־פְּאַת־יָ֔מָּה וְהָיָ֥ה הַמִּקְדָּ֖שׁ בְּתוֹכֽוֹ׃	NUMERIC	1	Pointed OL form is a genuine cardinal, ordinal, fraction, or numeric scale in context.
EZR	2	64	EZR 2:64	HEB	3	כְּאֶחָ֑ד	כְּאֶחָד	1	cardinal	NOVEL_NUMERIC_CANDIDATE		0	כָּל־הַקָּהָ֖ל כְּאֶחָ֑ד אַרְבַּ֣ע רִבּ֔וֹא אַלְפַּ֖יִם שְׁלֹשׁ־מֵא֥וֹת שִׁשִּֽׁים׃	NUMERIC	1	Pointed OL form is a genuine cardinal, ordinal, fraction, or numeric scale in context.
EZR	3	9	EZR 3:9	HEB	9	כְּאֶחָ֔ד	כְּאֶחָד	1	cardinal	NOVEL_NUMERIC_CANDIDATE		0	וַיַּעֲמֹ֣ד יֵשׁ֡וּעַ בָּנָ֣יו וְ֠אֶחָיו קַדְמִיאֵ֨ל וּבָנָ֤יו בְּנֵֽי־יְהוּדָה֙ כְּאֶחָ֔ד לְנַצֵּ֛חַ עַל־עֹשֵׂ֥ה הַמְּלָאכָ֖ה בְּבֵ֣ית הָאֱלֹהִ֑ים ס בְּנֵי֙ חֵֽנָדָ֔ד בְּנֵיהֶ֥ם וַאֲחֵיהֶ֖ם הַלְוִיִּֽם׃	NUMERIC	1	Pointed OL form is a genuine cardinal, ordinal, fraction, or numeric scale in context.
EZR	6	12	EZR 6:12	HEB	13	לְהַשְׁנָיָ֛ה	לְהַשְׁנָיָה	2	cardinal_or_ordinal	NOVEL_NUMERIC_CANDIDATE		0	וֵֽאלָהָ֞א דִּ֣י שַׁכִּ֧ן שְׁמֵ֣הּ תַּמָּ֗ה יְמַגַּ֞ר כָּל־מֶ֤לֶךְ וְעַם֙ דִּ֣י_׀ יִשְׁלַ֣ח יְדֵ֗הּ לְהַשְׁנָיָ֛ה לְחַבָּלָ֛ה בֵּית־אֱלָהָ֥א דֵ֖ךְ דִּ֣י בִירוּשְׁלֶ֑ם אֲנָ֤ה דָרְיָ֙וֶשׁ֙ שָׂ֣מֶת טְעֵ֔ם אָסְפַּ֖רְנָא יִתְעֲבִֽד׃ פ	EXCLUDED_LEXICAL_HOMOGRAPH		Pointed OL form is lexical/non-numeric in this context; excluded from the numeric index.
EZR	6	20	EZR 6:20	HEB	5	כְּאֶחָ֖ד	כְּאֶחָד	1	cardinal	NOVEL_NUMERIC_CANDIDATE		0	כִּ֣י הִֽטַּהֲר֞וּ הַכֹּהֲנִ֧ים וְהַלְוִיִּ֛ם כְּאֶחָ֖ד כֻּלָּ֣ם טְהוֹרִ֑ים וַיִּשְׁחֲט֤וּ הַפֶּ֙סַח֙ לְכָל־בְּנֵ֣י הַגּוֹלָ֔ה וְלַאֲחֵיהֶ֥ם הַכֹּהֲנִ֖ים וְלָהֶֽם׃	NUMERIC	1	Pointed OL form is a genuine cardinal, ordinal, fraction, or numeric scale in context.
EZR	8	22	EZR 8:22	HEB	2	בֹ֗שְׁתִּי	בֹשְׁתִּי	2	cardinal_or_ordinal	NOVEL_NUMERIC_CANDIDATE		0	כִּ֣י בֹ֗שְׁתִּי לִשְׁא֤וֹל מִן־הַמֶּ֙לֶךְ֙ חַ֣יִל וּפָרָשִׁ֔ים לְעָזְרֵ֥נוּ מֵאוֹיֵ֖ב בַּדָּ֑רֶךְ כִּֽי־אָמַ֨רְנוּ לַמֶּ֜לֶךְ לֵאמֹ֗ר יַד־אֱלֹהֵ֤ינוּ עַל־כָּל־מְבַקְשָׁיו֙ לְטוֹבָ֔ה וְעֻזּ֣וֹ וְאַפּ֔וֹ עַ֖ל כָּל־עֹזְבָֽיו׃	EXCLUDED_LEXICAL_HOMOGRAPH		Pointed OL form is lexical/non-numeric in this context; excluded from the numeric index.
EZR	9	6	EZR 9:6	HEB	3	בֹּ֣שְׁתִּי	בֹּשְׁתִּי	2	cardinal_or_ordinal	NOVEL_NUMERIC_CANDIDATE		0	וָאֹמְרָ֗ה אֱלֹהַי֙ בֹּ֣שְׁתִּי וְנִכְלַ֔מְתִּי לְהָרִ֧ים אֱלֹהַ֛י פָּנַ֖י אֵלֶ֑יךָ כִּ֣י עֲוֺנֹתֵ֤ינוּ רָבוּ֙ לְמַ֣עְלָה רֹּ֔אשׁ וְאַשְׁמָתֵ֥נוּ גָדְלָ֖ה עַ֥ד לַשָּׁמָֽיִם׃	EXCLUDED_LEXICAL_HOMOGRAPH		Pointed OL form is lexical/non-numeric in this context; excluded from the numeric index.
EZR	10	40	EZR 10:40	HEB	2	שָׁשַׁ֖י	שָׁשַׁי	6	ordinal	NOVEL_NUMERIC_CANDIDATE		0	מַכְנַדְבַ֥י שָׁשַׁ֖י שָׁרָֽי׃	EXCLUDED_LEXICAL_HOMOGRAPH		Pointed OL form is lexical/non-numeric in this context; excluded from the numeric index.
GEN	3	22	GEN 3:22	HEB	7	כְּאַחַ֣ד	כְּאַחַד	1	cardinal	NOVEL_NUMERIC_CANDIDATE		0	וַיֹּ֣אמֶר_׀ יְהוָ֣ה אֱלֹהִ֗ים הֵ֤ן הָֽאָדָם֙ הָיָה֙ כְּאַחַ֣ד מִמֶּ֔נּוּ לָדַ֖עַת ט֣וֹב וָרָ֑ע וְעַתָּ֣ה_׀ פֶּן־יִשְׁלַ֣ח יָד֗וֹ וְלָקַח֙ גַּ֚ם מֵעֵ֣ץ הַֽחַיִּ֔ים וְאָכַ֖ל וָחַ֥י לְעֹלָֽם׃	NUMERIC	1	Pointed OL form is a genuine cardinal, ordinal, fraction, or numeric scale in context.
GEN	8	5	GEN 8:5	HEB	8	בּֽ͏ָעֲשִׂירִי֙	בָּעֲשִׂירִי	10	ordinal	NOVEL_NUMERIC_CANDIDATE		0	וְהַמַּ֗יִם הָיוּ֙ הָל֣וֹךְ וְחָס֔וֹר עַ֖ד הַחֹ֣דֶשׁ הֽ͏ָעֲשִׂירִ֑י בּֽ͏ָעֲשִׂירִי֙ בְּאֶחָ֣ד לַחֹ֔דֶשׁ נִרְא֖וּ רָאשֵׁ֥י הֽ͏ֶהָרִֽים׃	NUMERIC	10	Pointed OL form is a genuine cardinal, ordinal, fraction, or numeric scale in context.
GEN	8	13	GEN 8:13	HEB	6	בּֽ͏ָרִאשׁוֹן֙	בָּרִאשׁוֹן	1	ordinal	NOVEL_NUMERIC_CANDIDATE		0	וֽ͏ַ֠יְהִי בְּאַחַ֨ת וְשֵׁשׁ־מֵא֜וֹת שָׁנָ֗ה בּֽ͏ָרִאשׁוֹן֙ בְּאֶחָ֣ד לַחֹ֔דֶשׁ חָֽרְב֥וּ הַמַּ֖יִם מֵעַ֣ל הָאָ֑רֶץ וַיָּ֤סַר נֹ֙חַ֙ אֶת־מִכְסֵ֣ה הַתֵּבָ֔ה וַיַּ֕רְא וְהִנֵּ֥ה חֽ͏ָרְב֖וּ פְּנֵ֥י הֽ͏ָאֲדָמָֽה׃	NUMERIC	1	Pointed OL form is a genuine cardinal, ordinal, fraction, or numeric scale in context.
GEN	14	23	GEN 14:23	HEB	14	הֶעֱשַׁ֥רְתִּי	הֶעֱשַׁרְתִּי	10	cardinal	NOVEL_NUMERIC_CANDIDATE		0	אִם־מִחוּט֙ וְעַ֣ד שְׂרֽוֹךְ־נַ֔עַל וְאִם־אֶקַּ֖ח מִכָּל־אֲשֶׁר־לָ֑ךְ וְלֹ֣א תֹאמַ֔ר אֲנִ֖י הֶעֱשַׁ֥רְתִּי אֶת־אַבְרָֽם׃	EXCLUDED_LEXICAL_HOMOGRAPH		Pointed OL form is lexical/non-numeric in this context; excluded from the numeric index.
GEN	15	9	GEN 15:9	HEB	6	מְשֻׁלֶּ֔שֶׁת	מְשֻׁלֶּשֶׁת	3	cardinal	NOVEL_NUMERIC_CANDIDATE		0	וַיֹּ֣אמֶר אֵלָ֗יו קְחָ֥ה לִי֙ עֶגְלָ֣ה מְשֻׁלֶּ֔שֶׁת וְעֵ֥ז מְשֻׁלֶּ֖שֶׁת וְאַ֣יִל מְשֻׁלָּ֑שׁ וְתֹ֖ר וְגוֹזָֽל׃	NUMERIC	3	Pointed OL form is a genuine cardinal, ordinal, fraction, or numeric scale in context.
GEN	15	9	GEN 15:9	HEB	8	מְשֻׁלֶּ֖שֶׁת	מְשֻׁלֶּשֶׁת	3	cardinal	NOVEL_NUMERIC_CANDIDATE		0	וַיֹּ֣אמֶר אֵלָ֗יו קְחָ֥ה לִי֙ עֶגְלָ֣ה מְשֻׁלֶּ֔שֶׁת וְעֵ֥ז מְשֻׁלֶּ֖שֶׁת וְאַ֣יִל מְשֻׁלָּ֑שׁ וְתֹ֖ר וְגוֹזָֽל׃	NUMERIC	3	Pointed OL form is a genuine cardinal, ordinal, fraction, or numeric scale in context.
GEN	15	9	GEN 15:9	HEB	10	מְשֻׁלָּ֑שׁ	מְשֻׁלָּשׁ	3	cardinal	NOVEL_NUMERIC_CANDIDATE		0	וַיֹּ֣אמֶר אֵלָ֗יו קְחָ֥ה לִי֙ עֶגְלָ֣ה מְשֻׁלֶּ֔שֶׁת וְעֵ֥ז מְשֻׁלֶּ֖שֶׁת וְאַ֣יִל מְשֻׁלָּ֑שׁ וְתֹ֖ר וְגוֹזָֽל׃	NUMERIC	3	Pointed OL form is a genuine cardinal, ordinal, fraction, or numeric scale in context.
GEN	26	3	GEN 26:3	HEB	17	הַשְּׁבֻעָ֔ה	הַשְּׁבֻעָה	7	cardinal	NOVEL_NUMERIC_CANDIDATE		0	גּ֚וּר בָּאָ֣רֶץ הַזֹּ֔את וְאֶֽהְיֶ֥ה עִמְּךָ֖ וַאֲבָרְכֶ֑ךָּ כִּֽי־לְךָ֣ וּֽלְזַרְעֲךָ֗ אֶתֵּן֙ אֶת־כָּל־הָֽאֲרָצֹ֣ת הָאֵ֔ל וַהֲקִֽמֹתִי֙ אֶת־הַשְּׁבֻעָ֔ה אֲשֶׁ֥ר נִשְׁבַּ֖עְתִּי לְאַבְרָהָ֥ם אָבִֽיךָ׃	EXCLUDED_LEXICAL_HOMOGRAPH		Pointed OL form is lexical/non-numeric in this context; excluded from the numeric index.
GEN	28	19	GEN 28:19	HEB	12	לָרִאשֹׁנָֽה׃	לָרִאשֹׁנָה	1	ordinal	NOVEL_NUMERIC_CANDIDATE		0	וַיִּקְרָ֛א אֶת־שֵֽׁם־הַמָּק֥וֹם הַה֖וּא בֵּֽית־אֵ֑ל וְאוּלָ֛ם ל֥וּז שֵׁם־הָעִ֖יר לָרִאשֹׁנָֽה׃	EXCLUDED_LEXICAL_HOMOGRAPH		Pointed OL form is lexical/non-numeric in this context; excluded from the numeric index.
GEN	31	37	GEN 31:37	HEB	2	מִשַּׁ֣שְׁתָּ	מִשַּׁשְׁתָּ	6	cardinal	NOVEL_NUMERIC_CANDIDATE		0	כִּֽי־מִשַּׁ֣שְׁתָּ אֶת־כָּל־כֵּלַ֗י מַה־מָּצָ֙אתָ֙ מִכֹּ֣ל כְּלֵי־בֵיתֶ֔ךָ שִׂ֣ים כֹּ֔ה נֶ֥גֶד אַחַ֖י וְאַחֶ֑יךָ וְיוֹכִ֖יחוּ בֵּ֥ין שְׁנֵֽינוּ׃	EXCLUDED_LEXICAL_HOMOGRAPH		Pointed OL form is lexical/non-numeric in this context; excluded from the numeric index.
GEN	41	29	GEN 41:29	HEB	5	שָׂבָ֥ע	שָׂבָע	7	cardinal	NOVEL_NUMERIC_CANDIDATE		0	הִנֵּ֛ה שֶׁ֥בַע שָׁנִ֖ים בָּא֑וֹת שָׂבָ֥ע גָּד֖וֹל בְּכָל־אֶ֥רֶץ מִצְרָֽיִם׃	EXCLUDED_LEXICAL_HOMOGRAPH		Pointed OL form is lexical/non-numeric in this context; excluded from the numeric index.
GEN	41	30	GEN 41:30	HEB	8	הַשָּׂבָ֖ע	הַשָּׂבָע	7	cardinal	NOVEL_NUMERIC_CANDIDATE		0	וְ֠קָמוּ שֶׁ֜בַע שְׁנֵ֤י רָעָב֙ אַחֲרֵיהֶ֔ן וְנִשְׁכַּ֥ח כָּל־הַשָּׂבָ֖ע בְּאֶ֣רֶץ מִצְרָ֑יִם וְכִלָּ֥ה הָרָעָ֖ב אֶת־הָאָֽרֶץ׃	EXCLUDED_LEXICAL_HOMOGRAPH		Pointed OL form is lexical/non-numeric in this context; excluded from the numeric index.
GEN	41	31	GEN 41:31	HEB	3	הַשָּׂבָע֙	הַשָּׂבָע	7	cardinal	NOVEL_NUMERIC_CANDIDATE		0	וְלֹֽא־יִוָּדַ֤ע הַשָּׂבָע֙ בָּאָ֔רֶץ מִפְּנֵ֛י הָרָעָ֥ב הַה֖וּא אַחֲרֵי־כֵ֑ן כִּֽי־כָבֵ֥ד ה֖וּא מְאֹֽד׃	EXCLUDED_LEXICAL_HOMOGRAPH		Pointed OL form is lexical/non-numeric in this context; excluded from the numeric index.
GEN	41	34	GEN 41:34	HEB	7	וְחִמֵּשׁ֙	וְחִמֵּשׁ	5	cardinal	NOVEL_NUMERIC_CANDIDATE		0	יַעֲשֶׂ֣ה פַרְעֹ֔ה וְיַפְקֵ֥ד פְּקִדִ֖ים עַל־הָאָ֑רֶץ וְחִמֵּשׁ֙ אֶת־אֶ֣רֶץ מִצְרַ֔יִם בְּשֶׁ֖בַע שְׁנֵ֥י הַשָּׂבָֽע׃	NUMERIC	1/5	Pointed OL form is a genuine cardinal, ordinal, fraction, or numeric scale in context.
GEN	41	34	GEN 41:34	HEB	13	הַשָּׂבָֽע׃	הַשָּׂבָע	7	cardinal	NOVEL_NUMERIC_CANDIDATE		0	יַעֲשֶׂ֣ה פַרְעֹ֔ה וְיַפְקֵ֥ד פְּקִדִ֖ים עַל־הָאָ֑רֶץ וְחִמֵּשׁ֙ אֶת־אֶ֣רֶץ מִצְרַ֔יִם בְּשֶׁ֖בַע שְׁנֵ֥י הַשָּׂבָֽע׃	EXCLUDED_LEXICAL_HOMOGRAPH		Pointed OL form is lexical/non-numeric in this context; excluded from the numeric index.
GEN	41	47	GEN 41:47	HEB	5	הַשָּׂבָ֑ע	הַשָּׂבָע	7	cardinal	NOVEL_NUMERIC_CANDIDATE		0	וַתַּ֣עַשׂ הָאָ֔רֶץ בְּשֶׁ֖בַע שְׁנֵ֣י הַשָּׂבָ֑ע לִקְמָצִֽים׃	EXCLUDED_LEXICAL_HOMOGRAPH		Pointed OL form is lexical/non-numeric in this context; excluded from the numeric index.
GEN	41	53	GEN 41:53	HEB	4	הַשָּׂבָ֑ע	הַשָּׂבָע	7	cardinal	NOVEL_NUMERIC_CANDIDATE		0	וַתִּכְלֶ֕ינָה שֶׁ֖בַע שְׁנֵ֣י הַשָּׂבָ֑ע אֲשֶׁ֥ר הָיָ֖ה בְּאֶ֥רֶץ מִצְרָֽיִם׃	EXCLUDED_LEXICAL_HOMOGRAPH		Pointed OL form is lexical/non-numeric in this context; excluded from the numeric index.
GEN	49	12	GEN 49:12	HEB	5	שִׁנַּ֖יִם	שִׁנַּיִם	2	cardinal_or_ordinal	NOVEL_NUMERIC_CANDIDATE		0	חַכְלִילִ֥י עֵינַ֖יִם מִיָּ֑יִן וּלְבֶן־שִׁנַּ֖יִם מֵחָלָֽב׃ פ	EXCLUDED_LEXICAL_HOMOGRAPH		Pointed OL form is lexical/non-numeric in this context; excluded from the numeric index.
GEN	49	16	GEN 49:16	HEB	4	כְּאַחַ֖ד	כְּאַחַד	1	cardinal	NOVEL_NUMERIC_CANDIDATE		0	דָּ֖ן יָדִ֣ין עַמּ֑וֹ כְּאַחַ֖ד שִׁבְטֵ֥י יִשְׂרָאֵֽל׃	NUMERIC	1	Pointed OL form is a genuine cardinal, ordinal, fraction, or numeric scale in context.
GEN	49	20	GEN 49:20	HEB	2	שְׁמֵנָ֣ה	שְׁמֵנָה	8	cardinal	NOVEL_NUMERIC_CANDIDATE		0	מֵאָשֵׁ֖ר שְׁמֵנָ֣ה לַחְמ֑וֹ וְה֥וּא יִתֵּ֖ן מַֽעֲדַנֵּי־מֶֽלֶךְ׃ ס	EXCLUDED_LEXICAL_HOMOGRAPH		Pointed OL form is lexical/non-numeric in this context; excluded from the numeric index.
GEN	50	23	GEN 50:23	HEB	5	שִׁלֵּשִׁ֑ים	שִׁלֵּשִׁים	30	cardinal	NOVEL_NUMERIC_CANDIDATE		0	וַיַּ֤רְא יוֹסֵף֙ לְאֶפְרַ֔יִם בְּנֵ֖י שִׁלֵּשִׁ֑ים גַּ֗ם בְּנֵ֤י מָכִיר֙ בֶּן־מְנַשֶּׁ֔ה יֻלְּד֖וּ עַל־בִּרְכֵּ֥י יוֹסֵֽף׃	NUMERIC	3	Pointed OL form is a genuine cardinal, ordinal, fraction, or numeric scale in context.
HOS	12	9	HOS 12:9	HEB	4	עָשַׁ֔רְתִּי	עָשַׁרְתִּי	10	cardinal	NOVEL_NUMERIC_CANDIDATE		0	וַיֹּ֣אמֶר אֶפְרַ֔יִם אַ֣ךְ עָשַׁ֔רְתִּי מָצָ֥אתִי א֖וֹן לִ֑י כָּל־יְגִיעַ֕י לֹ֥א יִמְצְאוּ־לִ֖י עָוֺ֥ן אֲשֶׁר־חֵֽטְא׃	EXCLUDED_LEXICAL_HOMOGRAPH		Pointed OL form is lexical/non-numeric in this context; excluded from the numeric index.
ISA	1	26	ISA 1:26	HEB	3	כְּבָרִ֣אשֹׁנָ֔ה	כְּבָרִאשֹׁנָה	1	ordinal	NOVEL_NUMERIC_CANDIDATE		0	וְאָשִׁ֤יבָה שֹׁפְטַ֙יִךְ֙ כְּבָרִ֣אשֹׁנָ֔ה וְיֹעֲצַ֖יִךְ כְּבַתְּחִלָּ֑ה אַחֲרֵי־כֵ֗ן יִקָּ֤רֵא לָךְ֙ עִ֣יר הַצֶּ֔דֶק קִרְיָ֖ה נֶאֱמָנָֽה׃	EXCLUDED_LEXICAL_HOMOGRAPH		Pointed OL form is lexical/non-numeric in this context; excluded from the numeric index.
ISA	5	12	ISA 5:12	HEB	7	מִשְׁתֵּיהֶ֑ם	מִשְׁתֵּיהֶם	2	cardinal_or_ordinal	NOVEL_NUMERIC_CANDIDATE		0	וְהָיָ֨ה כִנּ֜וֹר וָנֶ֗בֶל תֹּ֧ף וְחָלִ֛יל וָיַ֖יִן מִשְׁתֵּיהֶ֑ם וְאֵ֨ת פֹּ֤עַל יְהוָה֙ לֹ֣א יַבִּ֔יטוּ וּמַעֲשֵׂ֥ה יָדָ֖יו לֹ֥א רָאֽוּ׃	EXCLUDED_LEXICAL_HOMOGRAPH		Pointed OL form is lexical/non-numeric in this context; excluded from the numeric index.
ISA	5	28	ISA 5:28	HEB	2	חִצָּיו֙	חִצָּיו	1/2	fraction	NOVEL_NUMERIC_CANDIDATE		0	אֲשֶׁ֤ר חִצָּיו֙ שְׁנוּנִ֔ים וְכָל־קַשְּׁתֹתָ֖יו דְּרֻכ֑וֹת פַּרְס֤וֹת סוּסָיו֙ כַּצַּ֣ר נֶחְשָׁ֔בוּ וְגַלְגִּלָּ֖יו כַּסּוּפָֽה׃	EXCLUDED_LEXICAL_HOMOGRAPH		Pointed OL form is lexical/non-numeric in this context; excluded from the numeric index.
ISA	7	4	ISA 7:4	HEB	10	מִשְּׁנֵ֨י	מִשְּׁנֵי	2	cardinal_or_ordinal	NOVEL_NUMERIC_CANDIDATE		0	וְאָמַרְתָּ֣ אֵ֠לָיו הִשָּׁמֵ֨ר וְהַשְׁקֵ֜ט אַל־תִּירָ֗א וּלְבָבְךָ֙ אַל־יֵרַ֔ךְ מִשְּׁנֵ֨י זַנְב֧וֹת הָאוּדִ֛ים הָעֲשֵׁנִ֖ים הָאֵ֑לֶּה בָּחֳרִי־אַ֛ף רְצִ֥ין וַאֲרָ֖ם וּבֶן־רְמַלְיָֽהוּ׃	NUMERIC	2	Pointed OL form is a genuine cardinal, ordinal, fraction, or numeric scale in context.
ISA	19	24	ISA 19:24	HEB	5	שְׁלִ֣ישִׁיָּ֔ה	שְׁלִישִׁיָּה	3	ordinal	NOVEL_NUMERIC_CANDIDATE		0	בַּיּ֣וֹם הַה֗וּא יִהְיֶ֤ה יִשְׂרָאֵל֙ שְׁלִ֣ישִׁיָּ֔ה לְמִצְרַ֖יִם וּלְאַשּׁ֑וּר בְּרָכָ֖ה בְּקֶ֥רֶב הָאָֽרֶץ׃	NUMERIC	3	Pointed OL form is a genuine cardinal, ordinal, fraction, or numeric scale in context.
ISA	22	21	ISA 22:21	HEB	1	וְהִלְבַּשְׁתִּ֣יו	וְהִלְבַּשְׁתִּיו	2	cardinal_or_ordinal	NOVEL_NUMERIC_CANDIDATE		0	וְהִלְבַּשְׁתִּ֣יו כֻּתָּנְתֶּ֗ךָ וְאַבְנֵֽטְךָ֙ אֲחַזְּקֶ֔נּוּ וּמֶֽמְשֶׁלְתְּךָ֖ אֶתֵּ֣ן בְּיָד֑וֹ וְהָיָ֥ה לְאָ֛ב לְיוֹשֵׁ֥ב יְרוּשָׁלַ֖͏ִם וּלְבֵ֥ית יְהוּדָֽה׃	EXCLUDED_LEXICAL_HOMOGRAPH		Pointed OL form is lexical/non-numeric in this context; excluded from the numeric index.
ISA	24	9	ISA 24:9	HEB	7	לְשֹׁתָֽיו׃	לְשֹׁתָיו	2	cardinal_or_ordinal	NOVEL_NUMERIC_CANDIDATE		0	בַּשִּׁ֖יר לֹ֣א יִשְׁתּוּ־יָ֑יִן יֵמַ֥ר שֵׁכָ֖ר לְשֹׁתָֽיו׃	EXCLUDED_LEXICAL_HOMOGRAPH		Pointed OL form is lexical/non-numeric in this context; excluded from the numeric index.
ISA	40	12	ISA 40:12	HEB	9	בַּשָּׁלִ֖שׁ	בַּשָּׁלִשׁ	3	cardinal	NOVEL_NUMERIC_CANDIDATE		0	מִֽי־מָדַ֨ד בְּשָׁעֳל֜וֹ מַ֗יִם וְשָׁמַ֙יִם֙ בַּזֶּ֣רֶת תִּכֵּ֔ן וְכָ֥ל בַּשָּׁלִ֖שׁ עֲפַ֣ר הָאָ֑רֶץ וְשָׁקַ֤ל בַּפֶּ֙לֶס֙ הָרִ֔ים וּגְבָע֖וֹת בְּמֹאזְנָֽיִם׃	EXCLUDED_LEXICAL_HOMOGRAPH		Pointed OL form is lexical/non-numeric in this context; excluded from the numeric index.
ISA	44	16	ISA 44:16	HEB	1	חֶצְיוֹ֙	חֶצְיוֹ	1/2	fraction	NOVEL_NUMERIC_CANDIDATE		0	חֶצְיוֹ֙ שָׂרַ֣ף בְּמוֹ־אֵ֔שׁ עַל־חֶצְיוֹ֙ בָּשָׂ֣ר יֹאכֵ֔ל יִצְלֶ֥ה צָלִ֖י וְיִשְׂבָּ֑ע אַף־יָחֹם֙ וְיֹאמַ֣ר הֶאָ֔ח חַמּוֹתִ֖י רָאִ֥יתִי אֽוּר׃	NUMERIC	1/2	Pointed OL form is a genuine cardinal, ordinal, fraction, or numeric scale in context.
ISA	44	16	ISA 44:16	HEB	6	חֶצְיוֹ֙	חֶצְיוֹ	1/2	fraction	NOVEL_NUMERIC_CANDIDATE		0	חֶצְיוֹ֙ שָׂרַ֣ף בְּמוֹ־אֵ֔שׁ עַל־חֶצְיוֹ֙ בָּשָׂ֣ר יֹאכֵ֔ל יִצְלֶ֥ה צָלִ֖י וְיִשְׂבָּ֑ע אַף־יָחֹם֙ וְיֹאמַ֣ר הֶאָ֔ח חַמּוֹתִ֖י רָאִ֥יתִי אֽוּר׃	NUMERIC	1/2	Pointed OL form is a genuine cardinal, ordinal, fraction, or numeric scale in context.
ISA	44	19	ISA 44:19	HEB	10	חֶצְי֞וֹ	חֶצְיוֹ	1/2	fraction	NOVEL_NUMERIC_CANDIDATE		0	וְלֹא־יָשִׁ֣יב אֶל־לִבּ֗וֹ וְלֹ֨א דַ֥עַת וְלֹֽא־תְבוּנָה֮ לֵאמֹר֒ חֶצְי֞וֹ שָׂרַ֣פְתִּי בְמוֹ־אֵ֗שׁ וְ֠אַף אָפִ֤יתִי עַל־גֶּחָלָיו֙ לֶ֔חֶם אֶצְלֶ֥ה בָשָׂ֖ר וְאֹכֵ֑ל וְיִתְרוֹ֙ לְתוֹעֵבָ֣ה אֶעֱשֶׂ֔ה לְב֥וּל עֵ֖ץ אֶסְגּֽוֹד׃	NUMERIC	1/2	Pointed OL form is a genuine cardinal, ordinal, fraction, or numeric scale in context.
ISA	65	25	ISA 65:25	HEB	4	כְאֶחָ֗ד	כְאֶחָד	1	cardinal	NOVEL_NUMERIC_CANDIDATE		0	זְאֵ֨ב וְטָלֶ֜ה יִרְע֣וּ כְאֶחָ֗ד וְאַרְיֵה֙ כַּבָּקָ֣ר יֹֽאכַל־תֶּ֔בֶן וְנָחָ֖שׁ עָפָ֣ר לַחְמ֑וֹ לֹֽא־יָרֵ֧עוּ וְלֹֽא־יַשְׁחִ֛יתוּ בְּכָל־הַ֥ר קָדְשִׁ֖י אָמַ֥ר יְהוָֽה׃ ס	NUMERIC	1	Pointed OL form is a genuine cardinal, ordinal, fraction, or numeric scale in context.
JDG	1	10	JDG 1:10	HEB	13	שֵׁשַׁ֥י	שֵׁשַׁי	6	ordinal	NOVEL_NUMERIC_CANDIDATE		0	וַיֵּ֣לֶךְ יְהוּדָ֗ה אֶל־הַֽכְּנַעֲנִי֙ הַיּוֹשֵׁ֣ב בְּחֶבְר֔וֹן וְשֵׁם־חֶבְר֥וֹן לְפָנִ֖ים קִרְיַ֣ת_אַרְבַּ֑ע וַיַּכּ֛וּ אֶת־שֵׁשַׁ֥י וְאֶת־אֲחִימַ֖ן וְאֶת־תַּלְמָֽי׃	EXCLUDED_LEXICAL_HOMOGRAPH		Pointed OL form is lexical/non-numeric in this context; excluded from the numeric index.
JDG	5	28	JDG 5:28	HEB	10	בֹּשֵׁ֤שׁ	בֹּשֵׁשׁ	6	cardinal	NOVEL_NUMERIC_CANDIDATE		0	בְּעַד֩ הַחַלּ֨וֹן נִשְׁקְפָ֧ה וַתְּיַבֵּ֛ב אֵ֥ם סִֽיסְרָ֖א בְּעַ֣ד הֽ͏ָאֶשְׁנָ֑ב מַדּ֗וּעַ בֹּשֵׁ֤שׁ רִכְבּוֹ֙ לָב֔וֹא מַדּ֣וּעַ אֶֽחֱר֔וּ פַּעֲמֵ֖י מַרְכְּבוֹתָֽיו׃	EXCLUDED_LEXICAL_HOMOGRAPH		Pointed OL form is lexical/non-numeric in this context; excluded from the numeric index.
JDG	7	11	JDG 7:11	HEB	15	הַחֲמֻשִׁ֖ים	הַחֲמֻשִׁים	50	cardinal	NOVEL_NUMERIC_CANDIDATE		0	וְשָֽׁמַעְתָּ֙ מַה־יְדַבֵּ֔רוּ וְאַחַר֙ תֶּחֱזַ֣קְנָה יָדֶ֔יךָ וְיָרַדְתָּ֖ בַּֽמַּחֲנֶ֑ה וַיֵּ֤רֶד הוּא֙ וּפֻרָ֣ה נַעֲר֔וֹ אֶל־קְצֵ֥ה הַחֲמֻשִׁ֖ים אֲשֶׁ֥ר בַּֽמַּחֲנֶֽה׃	EXCLUDED_LEXICAL_HOMOGRAPH		Pointed OL form is lexical/non-numeric in this context; excluded from the numeric index.
JDG	16	7	JDG 16:7	HEB	14	כְּאַחַ֥ד	כְּאַחַד	1	cardinal	NOVEL_NUMERIC_CANDIDATE		0	וַיֹּ֤אמֶר אֵלֶ֙יהָ֙ שִׁמְשׁ֔וֹן אִם־יַאַסְרֻ֗נִי בְּשִׁבְעָ֛ה יְתָרִ֥ים לַחִ֖ים אֲשֶׁ֣ר לֹא־חֹרָ֑בוּ וְחָלִ֥יתִי וְהָיִ֖יתִי כְּאַחַ֥ד הָאָדָֽם׃	NUMERIC	1	Pointed OL form is a genuine cardinal, ordinal, fraction, or numeric scale in context.
JDG	16	11	JDG 16:11	HEB	15	כְּאַחַ֥ד	כְּאַחַד	1	cardinal	NOVEL_NUMERIC_CANDIDATE		0	וַיֹּ֣אמֶר אֵלֶ֔יהָ אִם־אָס֤וֹר יַאַסְר֙וּנִי֙ בַּעֲבֹתִ֣ים חֲדָשִׁ֔ים אֲשֶׁ֛ר לֹֽא־נַעֲשָׂ֥ה בָהֶ֖ם מְלָאכָ֑ה וְחָלִ֥יתִי וְהָיִ֖יתִי כְּאַחַ֥ד הָאָדָֽם׃	NUMERIC	1	Pointed OL form is a genuine cardinal, ordinal, fraction, or numeric scale in context.
JDG	16	28	JDG 16:28	HEB	19	מִשְּׁתֵ֥י	מִשְּׁתֵי	2	cardinal_or_ordinal	NOVEL_NUMERIC_CANDIDATE		0	וַיִּקְרָ֥א שִׁמְשׁ֛וֹן אֶל־יְהוָ֖ה וַיֹּאמַ֑ר אֲדֹנָ֣י יֱהֹוִ֡ה זָכְרֵ֣נִי נָא֩ וְחַזְּקֵ֨נִי נָ֜א אַ֣ךְ הַפַּ֤עַם הַזֶּה֙ הָאֱלֹהִ֔ים וְאִנָּקְמָ֧ה נְקַם־אַחַ֛ת מִשְּׁתֵ֥י עֵינַ֖י מִפְּלִשְׁתִּֽים׃	NUMERIC	2	Pointed OL form is a genuine cardinal, ordinal, fraction, or numeric scale in context.
JDG	17	11	JDG 17:11	HEB	9	כְּאַחַ֖ד	כְּאַחַד	1	cardinal	NOVEL_NUMERIC_CANDIDATE		0	וַיּ֥וֹאֶל הַלֵּוִ֖י לָשֶׁ֣בֶת אֶת־הָאִ֑ישׁ וַיְהִ֤י הַנַּ֙עַר֙ ל֔וֹ כְּאַחַ֖ד מִבָּנָֽיו׃	NUMERIC	1	Pointed OL form is a genuine cardinal, ordinal, fraction, or numeric scale in context.
JDG	18	29	JDG 18:29	HEB	15	לָרִאשֹׁנָֽה׃	לָרִאשֹׁנָה	1	ordinal	NOVEL_NUMERIC_CANDIDATE		0	וַיִּקְרְא֤וּ שֵׁם־הָעִיר֙ דָּ֔ן בְּשֵׁם֙ דָּ֣ן אֲבִיהֶ֔ם אֲשֶׁ֥ר יוּלַּ֖ד לְיִשְׂרָאֵ֑ל וְאוּלָ֛ם לַ֥יִשׁ שֵׁם־הָעִ֖יר לָרִאשֹׁנָֽה׃	EXCLUDED_LEXICAL_HOMOGRAPH		Pointed OL form is lexical/non-numeric in this context; excluded from the numeric index.
JDG	20	32	JDG 20:32	HEB	7	כְּבָרִאשֹׁנָ֑ה	כְּבָרִאשֹׁנָה	1	ordinal	NOVEL_NUMERIC_CANDIDATE		0	וַיֹּֽאמְרוּ֙ בְּנֵ֣י בִנְיָמִ֔ן נִגָּפִ֥ים הֵ֛ם לְפָנֵ֖ינוּ כְּבָרִאשֹׁנָ֑ה וּבְנֵ֧י יִשְׂרָאֵ֣ל אָמְר֗וּ נָנ֙וּסָה֙ וּֽנְתַקְּנֻ֔הוּ מִן־הָעִ֖יר אֶל־הַֽמְסִלּֽוֹת׃	EXCLUDED_LEXICAL_HOMOGRAPH		Pointed OL form is lexical/non-numeric in this context; excluded from the numeric index.
JER	10	2	JER 10:2	HEB	9	וּמֵאֹת֥וֹת	וּמֵאֹתוֹת	100	scale100	NOVEL_NUMERIC_CANDIDATE		0	כֹּ֣ה_׀ אָמַ֣ר יְהוָ֗ה אֶל־דֶּ֤רֶךְ הַגּוֹיִם֙ אַל־תִּלְמָ֔דוּ וּמֵאֹת֥וֹת הַשָּׁמַ֖יִם אַל־תֵּחָ֑תּוּ כִּֽי־יֵחַ֥תּוּ הַגּוֹיִ֖ם מֵהֵֽמָּה׃	EXCLUDED_LEXICAL_HOMOGRAPH		Pointed OL form is lexical/non-numeric in this context; excluded from the numeric index.
JER	31	19	JER 31:19	HEB	10	בֹּ֚שְׁתִּי	בֹּשְׁתִּי	2	cardinal_or_ordinal	NOVEL_NUMERIC_CANDIDATE		0	כִּֽי־אַחֲרֵ֤י שׁוּבִי֙ נִחַ֔מְתִּי וְאַֽחֲרֵי֙ הִוָּ֣דְעִ֔י סָפַ֖קְתִּי עַל־יָרֵ֑ךְ בֹּ֚שְׁתִּי וְגַם־נִכְלַ֔מְתִּי כִּ֥י נָשָׂ֖אתִי חֶרְפַּ֥ת נְעוּרָֽי׃	EXCLUDED_LEXICAL_HOMOGRAPH		Pointed OL form is lexical/non-numeric in this context; excluded from the numeric index.
JER	31	21	JER 31:21	HEB	7	שִׁ֣תִי	שִׁתִי	2	cardinal_or_ordinal	NOVEL_NUMERIC_CANDIDATE		0	הַצִּ֧יבִי לָ֣ךְ צִיֻּנִ֗ים שִׂ֤מִי לָךְ֙ תַּמְרוּרִ֔ים שִׁ֣תִי לִבֵּ֔ךְ לַֽמְסִלָּ֖ה דֶּ֣רֶךְ *הָלָכְתִּי **הָלָ֑כְתְּ שׁ֚וּבִי בְּתוּלַ֣ת יִשְׂרָאֵ֔ל שֻׁ֖בִי אֶל־עָרַ֥יִךְ אֵֽלֶּה׃	EXCLUDED_LEXICAL_HOMOGRAPH		Pointed OL form is lexical/non-numeric in this context; excluded from the numeric index.
JER	31	29	JER 31:29	HEB	9	וְשִׁנֵּ֥י	וְשִׁנֵּי	2	cardinal_or_ordinal	NOVEL_NUMERIC_CANDIDATE		0	בַּיָּמִ֣ים הָהֵ֔ם לֹא־יֹאמְר֣וּ ע֔וֹד אָב֖וֹת אָ֣כְלוּ בֹ֑סֶר וְשִׁנֵּ֥י בָנִ֖ים תִּקְהֶֽינָה׃	EXCLUDED_LEXICAL_HOMOGRAPH		Pointed OL form is lexical/non-numeric in this context; excluded from the numeric index.
JER	33	7	JER 33:7	HEB	9	כְּבָרִֽאשֹׁנָֽה׃	כְּבָרִאשֹׁנָה	1	ordinal	NOVEL_NUMERIC_CANDIDATE		0	וַהֲשִֽׁבֹתִי֙ אֶת־שְׁב֣וּת יְהוּדָ֔ה וְאֵ֖ת שְׁב֣וּת יִשְׂרָאֵ֑ל וּבְנִתִ֖ים כְּבָרִֽאשֹׁנָֽה׃	EXCLUDED_LEXICAL_HOMOGRAPH		Pointed OL form is lexical/non-numeric in this context; excluded from the numeric index.
JER	33	11	JER 33:11	HEB	30	כְּבָרִאשֹׁנָ֖ה	כְּבָרִאשֹׁנָה	1	ordinal	NOVEL_NUMERIC_CANDIDATE		0	ק֣וֹל שָׂשׂ֞וֹן וְק֣וֹל שִׂמְחָ֗ה ק֣וֹל חָתָן֮ וְק֣וֹל כַּלָּה֒ ק֣וֹל אֹמְרִ֡ים הוֹדוּ֩ אֶת־יְהוָ֨ה צְבָא֜וֹת כִּֽי־ט֤וֹב יְהוָה֙ כִּֽי־לְעוֹלָ֣ם חַסְדּ֔וֹ מְבִאִ֥ים תּוֹדָ֖ה בֵּ֣ית יְהוָ֑ה כִּֽי־אָשִׁ֧יב אֶת־שְׁבוּת־הָאָ֛רֶץ כְּבָרִאשֹׁנָ֖ה אָמַ֥ר יְהוָֽה׃ ס	EXCLUDED_LEXICAL_HOMOGRAPH		Pointed OL form is lexical/non-numeric in this context; excluded from the numeric index.
JER	34	19	JER 34:19	HEB	12	בִּתְרֵ֥י	בִּתְרֵי	2	cardinal	NOVEL_NUMERIC_CANDIDATE		0	שָׂרֵ֨י יְהוּדָ֜ה וְשָׂרֵ֣י יְרוּשָׁלַ͏ִ֗ם הַסָּֽרִסִים֙ וְהַכֹּ֣הֲנִ֔ים וְכֹ֖ל עַ֣ם הָאָ֑רֶץ הָעֹ֣בְרִ֔ים בֵּ֖ין בִּתְרֵ֥י הָעֵֽגֶל׃	NUMERIC	2	Pointed OL form is a genuine cardinal, ordinal, fraction, or numeric scale in context.
JER	50	9	JER 50:9	HEB	17	חִצָּיו֙	חִצָּיו	1/2	fraction	NOVEL_NUMERIC_CANDIDATE		0	כִּ֣י הִנֵּ֣ה אָנֹכִ֡י מֵעִיר֩ וּמַעֲלֶ֨ה עַל־בָּבֶ֜ל קְהַל־גּוֹיִ֤ם גְּדֹלִים֙ מֵאֶ֣רֶץ צָפ֔וֹן וְעָ֣רְכוּ לָ֔הּ מִשָּׁ֖ם תִּלָּכֵ֑ד חִצָּיו֙ כְּגִבּ֣וֹר מַשְׁכִּ֔יל לֹ֥א יָשׁ֖וּב רֵיקָֽם׃	EXCLUDED_LEXICAL_HOMOGRAPH		Pointed OL form is lexical/non-numeric in this context; excluded from the numeric index.
JER	51	36	JER 51:36	HEB	15	וְהֹבַשְׁתִּ֖י	וְהֹבַשְׁתִּי	2	cardinal_or_ordinal	NOVEL_NUMERIC_CANDIDATE		0	לָכֵ֗ן כֹּ֚ה אָמַ֣ר יְהוָ֔ה הִנְנִי־רָב֙ אֶת־רִיבֵ֔ךְ וְנִקַּמְתִּ֖י אֶת־נִקְמָתֵ֑ךְ וְהַחֲרַבְתִּי֙ אֶת־יַמָּ֔הּ וְהֹבַשְׁתִּ֖י אֶת־מְקוֹרָֽהּ׃	EXCLUDED_LEXICAL_HOMOGRAPH		Pointed OL form is lexical/non-numeric in this context; excluded from the numeric index.
JER	51	39	JER 51:39	HEB	4	מִשְׁתֵּיהֶ֗ם	מִשְׁתֵּיהֶם	2	cardinal_or_ordinal	NOVEL_NUMERIC_CANDIDATE		0	בְּחֻמָּ֞ם אָשִׁ֣ית אֶת־מִשְׁתֵּיהֶ֗ם וְהִשְׁכַּרְתִּים֙ לְמַ֣עַן יַעֲלֹ֔זוּ וְיָשְׁנ֥וּ שְׁנַת־עוֹלָ֖ם וְלֹ֣א יָקִ֑יצוּ נְאֻ֖ם יְהוָֽה׃	EXCLUDED_LEXICAL_HOMOGRAPH		Pointed OL form is lexical/non-numeric in this context; excluded from the numeric index.
JHN	1	3	JHN 1:3	GRK	10	ἕν	ἕν	1	cardinal	NOVEL_NUMERIC_CANDIDATE		0	πάντα δι’ αὐτοῦ ἐγένετο, καὶ χωρὶς αὐτοῦ ἐγένετο οὐδὲ ἕν. ὃ γέγονεν	NUMERIC	1	Pointed OL form is a genuine cardinal, ordinal, fraction, or numeric scale in context.
JHN	3	27	JHN 3:27	GRK	10	ἓν	ἓν	1	cardinal	NOVEL_NUMERIC_CANDIDATE		0	ἀπεκρίθη Ἰωάννης καὶ εἶπεν, Οὐ δύναται ἄνθρωπος λαμβάνειν οὐδὲ ἓν ἐὰν μὴ ᾖ δεδομένον αὐτῷ ἐκ τοῦ οὐρανοῦ.	NUMERIC	1	Pointed OL form is a genuine cardinal, ordinal, fraction, or numeric scale in context.
JHN	6	22	JHN 6:22	GRK	19	ἓν	ἓν	1	cardinal	NOVEL_NUMERIC_CANDIDATE		0	Τῇ ἐπαύριον ὁ ὄχλος ὁ ἑστηκὼς πέραν τῆς θαλάσσης εἶδον ὅτι πλοιάριον ἄλλο οὐκ ἦν ἐκεῖ εἰ μὴ ἓν καὶ ὅτι οὐ συνεισῆλθεν τοῖς μαθηταῖς αὐτοῦ ὁ Ἰησοῦς εἰς τὸ πλοῖον ἀλλὰ μόνοι οἱ μαθηταὶ αὐτοῦ ἀπῆλθον·	NUMERIC	1	Pointed OL form is a genuine cardinal, ordinal, fraction, or numeric scale in context.
JHN	7	21	JHN 7:21	GRK	6	Ἓν	ἓν	1	cardinal	NOVEL_NUMERIC_CANDIDATE		0	ἀπεκρίθη Ἰησοῦς καὶ εἶπεν αὐτοῖς, Ἓν ἔργον ἐποίησα καὶ πάντες θαυμάζετε.	NUMERIC	1	Pointed OL form is a genuine cardinal, ordinal, fraction, or numeric scale in context.
JHN	9	25	JHN 9:25	GRK	9	ἓν	ἓν	1	cardinal	NOVEL_NUMERIC_CANDIDATE		0	ἀπεκρίθη οὖν ἐκεῖνος, Εἰ ἁμαρτωλός ἐστιν οὐκ οἶδα· ἓν οἶδα ὅτι τυφλὸς ὢν ἄρτι βλέπω.	NUMERIC	1	Pointed OL form is a genuine cardinal, ordinal, fraction, or numeric scale in context.
JHN	10	30	JHN 10:30	GRK	5	ἕν	ἕν	1	cardinal	NOVEL_NUMERIC_CANDIDATE		0	ἐγὼ καὶ ὁ πατὴρ ἕν ἐσμεν.	NUMERIC	1	Pointed OL form is a genuine cardinal, ordinal, fraction, or numeric scale in context.
JHN	11	52	JHN 11:52	GRK	18	ἕν	ἕν	1	cardinal	NOVEL_NUMERIC_CANDIDATE		0	καὶ οὐχ ὑπὲρ τοῦ ἔθνους μόνον ἀλλ’ ἵνα καὶ τὰ τέκνα τοῦ θεοῦ τὰ διεσκορπισμένα συναγάγῃ εἰς ἕν.	NUMERIC	1	Pointed OL form is a genuine cardinal, ordinal, fraction, or numeric scale in context.
JHN	17	11	JHN 17:11	GRK	30	ἓν	ἓν	1	cardinal	NOVEL_NUMERIC_CANDIDATE		0	καὶ οὐκέτι εἰμὶ ἐν τῷ κόσμῳ, καὶ αὐτοὶ ἐν τῷ κόσμῳ εἰσίν, κἀγὼ πρὸς σὲ ἔρχομαι. Πάτερ ἅγιε, τήρησον αὐτοὺς ἐν τῷ ὀνόματί σου ᾧ δέδωκάς μοι, ἵνα ὦσιν ἓν καθὼς ἡμεῖς.	NUMERIC	1	Pointed OL form is a genuine cardinal, ordinal, fraction, or numeric scale in context.
JHN	17	21	JHN 17:21	GRK	3	ἓν	ἓν	1	cardinal	NOVEL_NUMERIC_CANDIDATE		0	ἵνα πάντες ἓν ὦσιν, καθὼς σύ, πάτερ, ἐν ἐμοὶ κἀγὼ ἐν σοί, ἵνα καὶ αὐτοὶ ἐν ἡμῖν ὦσιν, ἵνα ὁ κόσμος πιστεύῃ ὅτι σύ με ἀπέστειλας.	NUMERIC	1	Pointed OL form is a genuine cardinal, ordinal, fraction, or numeric scale in context.
JHN	17	22	JHN 17:22	GRK	11	ἓν	ἓν	1	cardinal	NOVEL_NUMERIC_CANDIDATE		0	κἀγὼ τὴν δόξαν ἣν δέδωκάς μοι δέδωκα αὐτοῖς, ἵνα ὦσιν ἓν καθὼς ἡμεῖς ἕν·	NUMERIC	1	Pointed OL form is a genuine cardinal, ordinal, fraction, or numeric scale in context.
JHN	17	22	JHN 17:22	GRK	14	ἕν	ἕν	1	cardinal	NOVEL_NUMERIC_CANDIDATE		0	κἀγὼ τὴν δόξαν ἣν δέδωκάς μοι δέδωκα αὐτοῖς, ἵνα ὦσιν ἓν καθὼς ἡμεῖς ἕν·	NUMERIC	1	Pointed OL form is a genuine cardinal, ordinal, fraction, or numeric scale in context.
JHN	17	23	JHN 17:23	GRK	12	ἕν	ἕν	1	cardinal	NOVEL_NUMERIC_CANDIDATE		0	ἐγὼ ἐν αὐτοῖς καὶ σὺ ἐν ἐμοί, ἵνα ὦσιν τετελειωμένοι εἰς ἕν, ἵνα γινώσκῃ ὁ κόσμος ὅτι σύ με ἀπέστειλας καὶ ἠγάπησας αὐτοὺς καθὼς ἐμὲ ἠγάπησας.	NUMERIC	1	Pointed OL form is a genuine cardinal, ordinal, fraction, or numeric scale in context.
JHN	21	25	JHN 21:25	GRK	14	ἕν	ἕν	1	cardinal	NOVEL_NUMERIC_CANDIDATE		0	Ἔστιν δὲ καὶ ἄλλα πολλὰ ἃ ἐποίησεν ὁ Ἰησοῦς, ἅτινα ἐὰν γράφηται καθ’ ἕν, οὐδ’ αὐτὸν οἶμαι τὸν κόσμον χωρῆσαι τὰ γραφόμενα βιβλία.	NUMERIC	1	Pointed OL form is a genuine cardinal, ordinal, fraction, or numeric scale in context.
JOB	1	13	JOB 1:13	HEB	6	וְשֹׁתִ֣ים	וְשֹׁתִים	2	cardinal_or_ordinal	NOVEL_NUMERIC_CANDIDATE		0	וַיְהִ֖י הַיּ֑וֹם וּבָנָ֨יו וּבְנֹתָ֤יו אֹֽכְלִים֙ וְשֹׁתִ֣ים יַ֔יִן בְּבֵ֖ית אֲחִיהֶ֥ם הַבְּכֽוֹר׃	EXCLUDED_LEXICAL_HOMOGRAPH		Pointed OL form is lexical/non-numeric in this context; excluded from the numeric index.
JOB	1	18	JOB 1:18	HEB	10	וְשֹׁתִ֣ים	וְשֹׁתִים	2	cardinal_or_ordinal	NOVEL_NUMERIC_CANDIDATE		0	עַ֚ד זֶ֣ה מְדַבֵּ֔ר וְזֶ֖ה בָּ֣א וַיֹּאמַ֑ר בָּנֶ֨יךָ וּבְנוֹתֶ֤יךָ אֹֽכְלִים֙ וְשֹׁתִ֣ים יַ֔יִן בְּבֵ֖ית אֲחִיהֶ֥ם הַבְּכֽוֹר׃	EXCLUDED_LEXICAL_HOMOGRAPH		Pointed OL form is lexical/non-numeric in this context; excluded from the numeric index.
JOB	4	10	JOB 4:10	HEB	5	וְשִׁנֵּ֖י	וְשִׁנֵּי	2	cardinal_or_ordinal	NOVEL_NUMERIC_CANDIDATE		0	שַׁאֲגַ֣ת אַ֭רְיֵה וְק֣וֹל שָׁ֑חַל וְשִׁנֵּ֖י כְפִירִ֣ים נִתָּֽעוּ׃	EXCLUDED_LEXICAL_HOMOGRAPH		Pointed OL form is lexical/non-numeric in this context; excluded from the numeric index.
JOB	13	14	JOB 13:14	HEB	5	בְשִׁנָּ֑י	בְשִׁנָּי	2	cardinal_or_ordinal	NOVEL_NUMERIC_CANDIDATE		0	עַל־מָ֤ה_׀ אֶשָּׂ֣א בְשָׂרִ֣י בְשִׁנָּ֑י וְ֝נַפְשִׁ֗י אָשִׂ֥ים בְּכַפִּֽי׃	EXCLUDED_LEXICAL_HOMOGRAPH		Pointed OL form is lexical/non-numeric in this context; excluded from the numeric index.
JOB	19	20	JOB 19:20	HEB	7	שִׁנָּֽי׃	שִׁנָּי	2	cardinal_or_ordinal	NOVEL_NUMERIC_CANDIDATE		0	בְּעוֹרִ֣י וּ֭בִבְשָׂרִי דָּבְקָ֣ה עַצְמִ֑י וָ֝אֶתְמַלְּטָ֗ה בְּע֣וֹר שִׁנָּֽי׃	EXCLUDED_LEXICAL_HOMOGRAPH		Pointed OL form is lexical/non-numeric in this context; excluded from the numeric index.
JOB	29	14	JOB 29:14	HEB	2	לָ֭בַשְׁתִּי	לָבַשְׁתִּי	2	cardinal_or_ordinal	NOVEL_NUMERIC_CANDIDATE		0	צֶ֣דֶק לָ֭בַשְׁתִּי וַיִּלְבָּשֵׁ֑נִי כִּֽמְעִ֥יל וְ֝צָנִ֗יף מִשְׁפָּטִֽי׃	EXCLUDED_LEXICAL_HOMOGRAPH		Pointed OL form is lexical/non-numeric in this context; excluded from the numeric index.
JOB	34	6	JOB 34:6	HEB	5	חִצִּ֣י	חִצִּי	1/2	fraction	NOVEL_NUMERIC_CANDIDATE		0	עַל־מִשְׁפָּטִ֥י אֲכַזֵּ֑ב אָנ֖וּשׁ חִצִּ֣י בְלִי־פָֽשַׁע׃	EXCLUDED_LEXICAL_HOMOGRAPH		Pointed OL form is lexical/non-numeric in this context; excluded from the numeric index.
JOL	1	6	JOL 1:6	HEB	10	שִׁנֵּ֣י	שִׁנֵּי	2	cardinal_or_ordinal	NOVEL_NUMERIC_CANDIDATE		0	כִּֽי־גוֹי֙ עָלָ֣ה עַל־אַרְצִ֔י עָצ֖וּם וְאֵ֣ין מִסְפָּ֑ר שִׁנָּיו֙ שִׁנֵּ֣י אַרְיֵ֔ה וּֽמְתַלְּע֥וֹת לָבִ֖יא לֽוֹ׃	EXCLUDED_LEXICAL_HOMOGRAPH		Pointed OL form is lexical/non-numeric in this context; excluded from the numeric index.
JOS	1	14	JOS 1:14	HEB	14	חֲמֻשִׁ֜ים	חֲמֻשִׁים	50	cardinal	NOVEL_NUMERIC_CANDIDATE		0	נְשֵׁיכֶ֣ם טַפְּכֶם֮ וּמִקְנֵיכֶם֒ יֵשְׁב֕וּ בָּאָ֕רֶץ אֲשֶׁ֨ר נָתַ֥ן לָכֶ֛ם מֹשֶׁ֖ה בְּעֵ֣בֶר הַיַּרְדֵּ֑ן וְאַתֶּם֩ תַּעַבְר֨וּ חֲמֻשִׁ֜ים לִפְנֵ֣י אֲחֵיכֶ֗ם כֹּ֚ל גִּבּוֹרֵ֣י הַחַ֔יִל וַעֲזַרְתֶּ֖ם אוֹתָֽם׃	EXCLUDED_LEXICAL_HOMOGRAPH		Pointed OL form is lexical/non-numeric in this context; excluded from the numeric index.
JOS	4	12	JOS 4:12	HEB	9	חֲמֻשִׁ֔ים	חֲמֻשִׁים	50	cardinal	NOVEL_NUMERIC_CANDIDATE		0	וַ֠יַּעַבְרוּ בְּנֵי־רְאוּבֵ֨ן וּבְנֵי־גָ֜ד וַחֲצִ֨י שֵׁ֤בֶט הַֽמְנַשֶּׁה֙ חֲמֻשִׁ֔ים לִפְנֵ֖י בְּנֵ֣י יִשְׂרָאֵ֑ל כַּאֲשֶׁ֛ר דִּבֶּ֥ר אֲלֵיהֶ֖ם מֹשֶֽׁה׃	EXCLUDED_LEXICAL_HOMOGRAPH		Pointed OL form is lexical/non-numeric in this context; excluded from the numeric index.
JOS	8	33	JOS 8:33	HEB	19	חֶצְיוֹ֙	חֶצְיוֹ	1/2	fraction	NOVEL_NUMERIC_CANDIDATE		0	וְכָל־יִשְׂרָאֵ֡ל וּזְקֵנָ֡יו וְשֹׁטְרִ֣ים_׀ וְשֹׁפְטָ֡יו עֹמְדִ֣ים מִזֶּ֣ה_׀ וּמִזֶּ֣ה_׀ לָאָר֡וֹן נֶגֶד֩ הַכֹּהֲנִ֨ים הַלְוִיִּ֜ם נֹשְׂאֵ֣י_׀ אֲר֣וֹן בְּרִית־יְהוָ֗ה כַּגֵּר֙ כָּֽאֶזְרָ֔ח חֶצְיוֹ֙ אֶל־מ֣וּל הַר־גְּרִזִ֔ים וְהַֽחֶצְי֖וֹ אֶל־מ֣וּל הַר־עֵיבָ֑ל כַּאֲשֶׁ֨ר צִוָּ֜ה מֹשֶׁ֣ה עֶֽבֶד־יְהוָ֗ה לְבָרֵ֛ךְ אֶת־הָעָ֥ם יִשְׂרָאֵ֖ל בָּרִאשֹׁנָֽה׃	NUMERIC	1/2	Pointed OL form is a genuine cardinal, ordinal, fraction, or numeric scale in context.
JOS	8	33	JOS 8:33	HEB	24	וְהַֽחֶצְי֖וֹ	וְהַחֶצְיוֹ	1/2	fraction	NOVEL_NUMERIC_CANDIDATE		0	וְכָל־יִשְׂרָאֵ֡ל וּזְקֵנָ֡יו וְשֹׁטְרִ֣ים_׀ וְשֹׁפְטָ֡יו עֹמְדִ֣ים מִזֶּ֣ה_׀ וּמִזֶּ֣ה_׀ לָאָר֡וֹן נֶגֶד֩ הַכֹּהֲנִ֨ים הַלְוִיִּ֜ם נֹשְׂאֵ֣י_׀ אֲר֣וֹן בְּרִית־יְהוָ֗ה כַּגֵּר֙ כָּֽאֶזְרָ֔ח חֶצְיוֹ֙ אֶל־מ֣וּל הַר־גְּרִזִ֔ים וְהַֽחֶצְי֖וֹ אֶל־מ֣וּל הַר־עֵיבָ֑ל כַּאֲשֶׁ֨ר צִוָּ֜ה מֹשֶׁ֣ה עֶֽבֶד־יְהוָ֗ה לְבָרֵ֛ךְ אֶת־הָעָ֥ם יִשְׂרָאֵ֖ל בָּרִאשֹׁנָֽה׃	NUMERIC	1/2	Pointed OL form is a genuine cardinal, ordinal, fraction, or numeric scale in context.
JOS	15	14	JOS 15:14	HEB	9	שֵׁשַׁ֤י	שֵׁשַׁי	6	ordinal	NOVEL_NUMERIC_CANDIDATE		0	וַיֹּ֤רֶשׁ מִשָּׁם֙ כָּלֵ֔ב אֶת־שְׁלוֹשָׁ֖ה בְּנֵ֣י הָעֲנָ֑ק אֶת־שֵׁשַׁ֤י וְאֶת־אֲחִימַן֙ וְאֶת־תַּלְמַ֔י יְלִידֵ֖י הָעֲנָֽק׃	EXCLUDED_LEXICAL_HOMOGRAPH		Pointed OL form is lexical/non-numeric in this context; excluded from the numeric index.
JOS	22	7	JOS 22:7	HEB	7	וּלְחֶצְי֗וֹ	וּלְחֶצְיוֹ	1/2	fraction	NOVEL_NUMERIC_CANDIDATE		0	וְלַחֲצִ֣י_׀ שֵׁ֣בֶט הַֽמְנַשֶּׁ֗ה נָתַ֣ן מֹשֶׁה֮ בַּבָּשָׁן֒ וּלְחֶצְי֗וֹ נָתַ֤ן יְהוֹשֻׁ֙עַ֙ עִם־אֲחֵיהֶ֔ם *מֵעֵבֶר **בְּעֵ֥בֶר הַיַּרְדֵּ֖ן יָ֑מָּה וְ֠גַם כִּ֣י שִׁלְּחָ֧ם יְהוֹשֻׁ֛עַ אֶל־אָהֳלֵיהֶ֖ם וַיְבָרֲכֵֽם׃	NUMERIC	1/2	Pointed OL form is a genuine cardinal, ordinal, fraction, or numeric scale in context.
LAM	3	16	LAM 3:16	HEB	3	שִׁנָּ֔י	שִׁנָּי	2	cardinal_or_ordinal	NOVEL_NUMERIC_CANDIDATE		0	וַיַּגְרֵ֤ס בֶּֽחָצָץ֙ שִׁנָּ֔י הִכְפִּישַׁ֖נִי בָּאֵֽפֶר׃	EXCLUDED_LEXICAL_HOMOGRAPH		Pointed OL form is lexical/non-numeric in this context; excluded from the numeric index.
LAM	4	21	LAM 4:21	HEB	1	שִׂ֤ישִׂי	שִׂישִׂי	6	ordinal	NOVEL_NUMERIC_CANDIDATE		0	שִׂ֤ישִׂי וְשִׂמְחִי֙ בַּת־אֱד֔וֹם *יוֹשַׁבְתִּי **יוֹשֶׁ֖בֶת בְּאֶ֣רֶץ ע֑וּץ גַּם־עָלַ֙יִךְ֙ תַּעֲבָר־כּ֔וֹס תִּשְׁכְּרִ֖י וְתִתְעָרִֽי׃ ס	EXCLUDED_LEXICAL_HOMOGRAPH		Pointed OL form is lexical/non-numeric in this context; excluded from the numeric index.
LAM	5	11	LAM 5:11	HEB	4	בְּתֻלֹ֖ת	בְּתֻלֹת	3	cardinal	NOVEL_NUMERIC_CANDIDATE		0	נָשִׁים֙ בְּצִיּ֣וֹן עִנּ֔וּ בְּתֻלֹ֖ת בְּעָרֵ֥י יְהוּדָֽה׃	EXCLUDED_LEXICAL_HOMOGRAPH		Pointed OL form is lexical/non-numeric in this context; excluded from the numeric index.
LEV	6	13	LEV 6:13	HEB	16	מַחֲצִיתָ֣הּ	מַחֲצִיתָהּ	1/2	fraction	NOVEL_NUMERIC_CANDIDATE		0	זֶ֡ה קָרְבַּן֩ אַהֲרֹ֨ן וּבָנָ֜יו אֲשֶׁר־יַקְרִ֣יבוּ לַֽיהוָ֗ה בְּיוֹם֙ הִמָּשַׁ֣ח אֹת֔וֹ עֲשִׂירִ֨ת הָאֵפָ֥ה סֹ֛לֶת מִנְחָ֖ה תָּמִ֑יד מַחֲצִיתָ֣הּ בַּבֹּ֔קֶר וּמַחֲצִיתָ֖הּ בָּעָֽרֶב׃	NUMERIC	1/2	Pointed OL form is a genuine cardinal, ordinal, fraction, or numeric scale in context.
LEV	6	13	LEV 6:13	HEB	18	וּמַחֲצִיתָ֖הּ	וּמַחֲצִיתָהּ	1/2	fraction	NOVEL_NUMERIC_CANDIDATE		0	זֶ֡ה קָרְבַּן֩ אַהֲרֹ֨ן וּבָנָ֜יו אֲשֶׁר־יַקְרִ֣יבוּ לַֽיהוָ֗ה בְּיוֹם֙ הִמָּשַׁ֣ח אֹת֔וֹ עֲשִׂירִ֨ת הָאֵפָ֥ה סֹ֛לֶת מִנְחָ֖ה תָּמִ֑יד מַחֲצִיתָ֣הּ בַּבֹּ֔קֶר וּמַחֲצִיתָ֖הּ בָּעָֽרֶב׃	NUMERIC	1/2	Pointed OL form is a genuine cardinal, ordinal, fraction, or numeric scale in context.
LEV	13	48	LEV 13:48	HEB	2	בִֽשְׁתִי֙	בִשְׁתִי	2	cardinal_or_ordinal	NOVEL_NUMERIC_CANDIDATE		0	א֤וֹ בִֽשְׁתִי֙ א֣וֹ בְעֵ֔רֶב לַפִּשְׁתִּ֖ים וְלַצָּ֑מֶר א֣וֹ בְע֔וֹר א֖וֹ בְּכָל־מְלֶ֥אכֶת עֽוֹר׃	EXCLUDED_LEXICAL_HOMOGRAPH		Pointed OL form is lexical/non-numeric in this context; excluded from the numeric index.
LEV	14	4	LEV 14:4	HEB	11	וּשְׁנִ֥י	וּשְׁנִי	2	cardinal_or_ordinal	NOVEL_NUMERIC_CANDIDATE		0	וְצִוָּה֙ הַכֹּהֵ֔ן וְלָקַ֧ח לַמִּטַּהֵ֛ר שְׁתֵּֽי־צִפֳּרִ֥ים חַיּ֖וֹת טְהֹר֑וֹת וְעֵ֣ץ אֶ֔רֶז וּשְׁנִ֥י תוֹלַ֖עַת וְאֵזֹֽב׃	EXCLUDED_LEXICAL_HOMOGRAPH		Pointed OL form is lexical/non-numeric in this context; excluded from the numeric index.
LEV	14	6	LEV 14:6	HEB	10	שְׁנִ֥י	שְׁנִי	2	cardinal_or_ordinal	NOVEL_NUMERIC_CANDIDATE		0	אֶת־הַצִּפֹּ֤ר הַֽחַיָּה֙ יִקַּ֣ח אֹתָ֔הּ וְאֶת־עֵ֥ץ הָאֶ֛רֶז וְאֶת־שְׁנִ֥י הַתּוֹלַ֖עַת וְאֶת־הָאֵזֹ֑ב וְטָבַ֨ל אוֹתָ֜ם וְאֵ֣ת_׀ הַצִּפֹּ֣ר הֽ͏ַחַיָּ֗ה בְּדַם֙ הַצִּפֹּ֣ר הַשְּׁחֻטָ֔ה עַ֖ל הַמַּ֥יִם הֽ͏ַחַיִּֽים׃	EXCLUDED_LEXICAL_HOMOGRAPH		Pointed OL form is lexical/non-numeric in this context; excluded from the numeric index.
LEV	14	49	LEV 14:49	HEB	9	וּשְׁנִ֥י	וּשְׁנִי	2	cardinal_or_ordinal	NOVEL_NUMERIC_CANDIDATE		0	וְלָקַ֛ח לְחַטֵּ֥א אֶת־הַבַּ֖יִת שְׁתֵּ֣י צִפֳּרִ֑ים וְעֵ֣ץ אֶ֔רֶז וּשְׁנִ֥י תוֹלַ֖עַת וְאֵזֹֽב׃	EXCLUDED_LEXICAL_HOMOGRAPH		Pointed OL form is lexical/non-numeric in this context; excluded from the numeric index.
LEV	14	51	LEV 14:51	HEB	8	שְׁנִ֣י	שְׁנִי	2	cardinal_or_ordinal	NOVEL_NUMERIC_CANDIDATE		0	וְלָקַ֣ח אֶת־עֵֽץ־הָ֠אֶרֶז וְאֶת־הָ֨אֵזֹ֜ב וְאֵ֣ת_׀ שְׁנִ֣י הַתּוֹלַ֗עַת וְאֵת֮ הַצִּפֹּ֣ר הֽ͏ַחַיָּה֒ וְטָבַ֣ל אֹתָ֗ם בְּדַם֙ הַצִּפֹּ֣ר הַשְּׁחוּטָ֔ה וּבַמַּ֖יִם הַֽחַיִּ֑ים וְהִזָּ֥ה אֶל־הַבַּ֖יִת שֶׁ֥בַע פְּעָמִֽים׃	EXCLUDED_LEXICAL_HOMOGRAPH		Pointed OL form is lexical/non-numeric in this context; excluded from the numeric index.
LEV	14	52	LEV 14:52	HEB	13	וּבִשְׁנִ֥י	וּבִשְׁנִי	2	cardinal_or_ordinal	NOVEL_NUMERIC_CANDIDATE		0	וְחִטֵּ֣א אֶת־הַבַּ֔יִת בְּדַם֙ הַצִּפּ֔וֹר וּבַמַּ֖יִם הַֽחַיִּ֑ים וּבַצִּפֹּ֣ר הַחַיָּ֗ה וּבְעֵ֥ץ הָאֶ֛רֶז וּבָאֵזֹ֖ב וּבִשְׁנִ֥י הַתּוֹלָֽעַת׃	EXCLUDED_LEXICAL_HOMOGRAPH		Pointed OL form is lexical/non-numeric in this context; excluded from the numeric index.
LUK	5	3	LUK 5:3	GRK	4	ἓν	ἓν	1	cardinal	NOVEL_NUMERIC_CANDIDATE		0	ἐμβὰς δὲ εἰς ἓν τῶν πλοίων, ὃ ἦν Σίμωνος, ἠρώτησεν αὐτὸν ἀπὸ τῆς γῆς ἐπαναγαγεῖν ὀλίγον, καθίσας δὲ ἐκ τοῦ πλοίου ἐδίδασκεν τοὺς ὄχλους.	NUMERIC	1	Pointed OL form is a genuine cardinal, ordinal, fraction, or numeric scale in context.
LUK	12	6	LUK 12:6	GRK	8	ἓν	ἓν	1	cardinal	NOVEL_NUMERIC_CANDIDATE		0	οὐχὶ πέντε στρουθία πωλοῦνται ἀσσαρίων δύο; καὶ ἓν ἐξ αὐτῶν οὐκ ἔστιν ἐπιλελησμένον ἐνώπιον τοῦ θεοῦ.	NUMERIC	1	Pointed OL form is a genuine cardinal, ordinal, fraction, or numeric scale in context.
LUK	12	27	LUK 12:27	GRK	22	ἓν	ἓν	1	cardinal	NOVEL_NUMERIC_CANDIDATE		0	κατανοήσατε τὰ κρίνα πῶς αὐξάνει· οὐ κοπιᾷ οὐδὲ νήθει· λέγω δὲ ὑμῖν, οὐδὲ Σολομὼν ἐν πάσῃ τῇ δόξῃ αὐτοῦ περιεβάλετο ὡς ἓν τούτων.	NUMERIC	1	Pointed OL form is a genuine cardinal, ordinal, fraction, or numeric scale in context.
LUK	15	4	LUK 15:4	GRK	12	ἓν	ἓν	1	cardinal	NOVEL_NUMERIC_CANDIDATE		0	Τίς ἄνθρωπος ἐξ ὑμῶν ἔχων ἑκατὸν πρόβατα καὶ ἀπολέσας ἐξ αὐτῶν ἓν οὐ καταλείπει τὰ ἐνενήκοντα ἐννέα ἐν τῇ ἐρήμῳ καὶ πορεύεται ἐπὶ τὸ ἀπολωλὸς ἕως εὕρῃ αὐτό;	NUMERIC	1	Pointed OL form is a genuine cardinal, ordinal, fraction, or numeric scale in context.
LUK	18	22	LUK 18:22	GRK	8	ἕν	ἕν	1	cardinal	NOVEL_NUMERIC_CANDIDATE		0	ἀκούσας δὲ ὁ Ἰησοῦς εἶπεν αὐτῷ, Ἔτι ἕν σοι λείπει· πάντα ὅσα ἔχεις πώλησον καὶ διάδος πτωχοῖς, καὶ ἕξεις θησαυρὸν ἐν [τοῖς] οὐρανοῖς, καὶ δεῦρο ἀκολούθει μοι.	NUMERIC	1	Pointed OL form is a genuine cardinal, ordinal, fraction, or numeric scale in context.
MAT	5	18	MAT 5:18	GRK	14	ἓν	ἓν	1	cardinal	NOVEL_NUMERIC_CANDIDATE		0	ἀμὴν γὰρ λέγω ὑμῖν· ἕως ἂν παρέλθῃ ὁ οὐρανὸς καὶ ἡ γῆ, ἰῶτα ἓν ἢ μία κεραία οὐ μὴ παρέλθῃ ἀπὸ τοῦ νόμου, ἕως ἂν πάντα γένηται.	NUMERIC	1	Pointed OL form is a genuine cardinal, ordinal, fraction, or numeric scale in context.
MAT	5	29	MAT 5:29	GRK	21	ἓν	ἓν	1	cardinal	NOVEL_NUMERIC_CANDIDATE		0	εἰ δὲ ὁ ὀφθαλμός σου ὁ δεξιὸς σκανδαλίζει σε, ἔξελε αὐτὸν καὶ βάλε ἀπὸ σοῦ· συμφέρει γάρ σοι ἵνα ἀπόληται ἓν τῶν μελῶν σου καὶ μὴ ὅλον τὸ σῶμά σου βληθῇ εἰς γέενναν.	NUMERIC	1	Pointed OL form is a genuine cardinal, ordinal, fraction, or numeric scale in context.
MAT	5	30	MAT 5:30	GRK	20	ἓν	ἓν	1	cardinal	NOVEL_NUMERIC_CANDIDATE		0	καὶ εἰ ἡ δεξιά σου χεὶρ σκανδαλίζει σε, ἔκκοψον αὐτὴν καὶ βάλε ἀπὸ σοῦ· συμφέρει γάρ σοι ἵνα ἀπόληται ἓν τῶν μελῶν σου καὶ μὴ ὅλον τὸ σῶμά σου εἰς γέενναν ἀπέλθῃ.	NUMERIC	1	Pointed OL form is a genuine cardinal, ordinal, fraction, or numeric scale in context.
MAT	5	41	MAT 5:41	GRK	6	ἕν	ἕν	1	cardinal	NOVEL_NUMERIC_CANDIDATE		0	καὶ ὅστις σε ἀγγαρεύσει μίλιον ἕν, ὕπαγε μετ’ αὐτοῦ δύο.	NUMERIC	1	Pointed OL form is a genuine cardinal, ordinal, fraction, or numeric scale in context.
MAT	6	29	MAT 6:29	GRK	14	ἓν	ἓν	1	cardinal	NOVEL_NUMERIC_CANDIDATE		0	λέγω δὲ ὑμῖν ὅτι οὐδὲ Σολομὼν ἐν πάσῃ τῇ δόξῃ αὐτοῦ περιεβάλετο ὡς ἓν τούτων.	NUMERIC	1	Pointed OL form is a genuine cardinal, ordinal, fraction, or numeric scale in context.
MAT	10	29	MAT 10:29	GRK	7	ἓν	ἓν	1	cardinal	NOVEL_NUMERIC_CANDIDATE		0	οὐχὶ δύο στρουθία ἀσσαρίου πωλεῖται; καὶ ἓν ἐξ αὐτῶν οὐ πεσεῖται ἐπὶ τὴν γῆν ἄνευ τοῦ πατρὸς ὑμῶν.	NUMERIC	1	Pointed OL form is a genuine cardinal, ordinal, fraction, or numeric scale in context.
MAT	12	11	MAT 12:11	GRK	13	ἓν	ἓν	1	cardinal	NOVEL_NUMERIC_CANDIDATE		0	ὁ δὲ εἶπεν αὐτοῖς, Τίς ἔσται ἐξ ὑμῶν ἄνθρωπος ὃς ἕξει πρόβατον ἓν καὶ ἐὰν ἐμπέσῃ τοῦτο τοῖς σάββασιν εἰς βόθυνον, οὐχὶ κρατήσει αὐτὸ καὶ ἐγερεῖ;	NUMERIC	1	Pointed OL form is a genuine cardinal, ordinal, fraction, or numeric scale in context.
MAT	18	5	MAT 18:5	GRK	5	ἓν	ἓν	1	cardinal	NOVEL_NUMERIC_CANDIDATE		0	καὶ ὃς ἐὰν δέξηται ἓν παιδίον τοιοῦτο ἐπὶ τῷ ὀνόματί μου, ἐμὲ δέχεται.	NUMERIC	1	Pointed OL form is a genuine cardinal, ordinal, fraction, or numeric scale in context.
MAT	18	12	MAT 18:12	GRK	12	ἓν	ἓν	1	cardinal	NOVEL_NUMERIC_CANDIDATE		0	Τί ὑμῖν δοκεῖ; ἐὰν γένηταί τινι ἀνθρώπῳ ἑκατὸν πρόβατα καὶ πλανηθῇ ἓν ἐξ αὐτῶν, οὐχὶ ἀφήσει τὰ ἐνενήκοντα ἐννέα ἐπὶ τὰ ὄρη καὶ πορευθεὶς ζητεῖ τὸ πλανώμενον;	NUMERIC	1	Pointed OL form is a genuine cardinal, ordinal, fraction, or numeric scale in context.
MAT	18	14	MAT 18:14	GRK	14	ἓν	ἓν	1	cardinal	NOVEL_NUMERIC_CANDIDATE		0	οὕτως οὐκ ἔστιν θέλημα ἔμπροσθεν τοῦ πατρὸς ὑμῶν τοῦ ἐν οὐρανοῖς ἵνα ἀπόληται ἓν τῶν μικρῶν τούτων.	NUMERIC	1	Pointed OL form is a genuine cardinal, ordinal, fraction, or numeric scale in context.
MAT	25	15	MAT 25:15	GRK	12	ἕν	ἕν	1	cardinal	NOVEL_NUMERIC_CANDIDATE		0	καὶ ᾧ μὲν ἔδωκεν πέντε τάλαντα, ᾧ δὲ δύο, ᾧ δὲ ἕν, ἑκάστῳ κατὰ τὴν ἰδίαν δύναμιν, καὶ ἀπεδήμησεν. εὐθέως	NUMERIC	1	Pointed OL form is a genuine cardinal, ordinal, fraction, or numeric scale in context.
MAT	25	18	MAT 25:18	GRK	4	ἓν	ἓν	1	cardinal	NOVEL_NUMERIC_CANDIDATE		0	ὁ δὲ τὸ ἓν λαβὼν ἀπελθὼν ὤρυξεν γῆν καὶ ἔκρυψεν τὸ ἀργύριον τοῦ κυρίου αὐτοῦ.	NUMERIC	1	Pointed OL form is a genuine cardinal, ordinal, fraction, or numeric scale in context.
MAT	25	24	MAT 25:24	GRK	6	ἓν	ἓν	1	cardinal	NOVEL_NUMERIC_CANDIDATE		0	προσελθὼν δὲ καὶ ὁ τὸ ἓν τάλαντον εἰληφὼς εἶπεν, Κύριε, ἔγνων σε ὅτι σκληρὸς εἶ ἄνθρωπος, θερίζων ὅπου οὐκ ἔσπειρας καὶ συνάγων ὅθεν οὐ διεσκόρπισας,	NUMERIC	1	Pointed OL form is a genuine cardinal, ordinal, fraction, or numeric scale in context.
MAT	27	14	MAT 27:14	GRK	7	ἓν	ἓν	1	cardinal	NOVEL_NUMERIC_CANDIDATE		0	καὶ οὐκ ἀπεκρίθη αὐτῷ πρὸς οὐδὲ ἓν ῥῆμα, ὥστε θαυμάζειν τὸν ἡγεμόνα λίαν.	NUMERIC	1	Pointed OL form is a genuine cardinal, ordinal, fraction, or numeric scale in context.
MIC	6	12	MIC 6:12	HEB	2	עֲשִׁירֶ֙יהָ֙	עֲשִׁירֶיהָ	10	ordinal	NOVEL_NUMERIC_CANDIDATE		0	אֲשֶׁ֤ר עֲשִׁירֶ֙יהָ֙ מָלְא֣וּ חָמָ֔ס וְיֹשְׁבֶ֖יהָ דִּבְּרוּ־שָׁ֑קֶר וּלְשׁוֹנָ֖ם רְמִיָּ֥ה בְּפִיהֶֽם׃	EXCLUDED_LEXICAL_HOMOGRAPH		Pointed OL form is lexical/non-numeric in this context; excluded from the numeric index.
MRK	4	8	MRK 4:8	GRK	17	ἓν	ἓν	1	cardinal	NOVEL_NUMERIC_CANDIDATE		0	καὶ ἄλλα ἔπεσεν εἰς τὴν γῆν τὴν καλὴν καὶ ἐδίδου καρπὸν ἀναβαίνοντα καὶ αὐξανόμενα καὶ ἔφερεν ἓν τριάκοντα καὶ ἓν ἑξήκοντα καὶ ἓν ἑκατόν.	NUMERIC	1	Pointed OL form is a genuine cardinal, ordinal, fraction, or numeric scale in context.
MRK	4	8	MRK 4:8	GRK	20	ἓν	ἓν	1	cardinal	NOVEL_NUMERIC_CANDIDATE		0	καὶ ἄλλα ἔπεσεν εἰς τὴν γῆν τὴν καλὴν καὶ ἐδίδου καρπὸν ἀναβαίνοντα καὶ αὐξανόμενα καὶ ἔφερεν ἓν τριάκοντα καὶ ἓν ἑξήκοντα καὶ ἓν ἑκατόν.	NUMERIC	1	Pointed OL form is a genuine cardinal, ordinal, fraction, or numeric scale in context.
MRK	4	8	MRK 4:8	GRK	23	ἓν	ἓν	1	cardinal	NOVEL_NUMERIC_CANDIDATE		0	καὶ ἄλλα ἔπεσεν εἰς τὴν γῆν τὴν καλὴν καὶ ἐδίδου καρπὸν ἀναβαίνοντα καὶ αὐξανόμενα καὶ ἔφερεν ἓν τριάκοντα καὶ ἓν ἑξήκοντα καὶ ἓν ἑκατόν.	NUMERIC	1	Pointed OL form is a genuine cardinal, ordinal, fraction, or numeric scale in context.
MRK	4	20	MRK 4:20	GRK	19	ἓν	ἓν	1	cardinal	NOVEL_NUMERIC_CANDIDATE		0	καὶ ἐκεῖνοί εἰσιν οἱ ἐπὶ τὴν γῆν τὴν καλὴν σπαρέντες, οἵτινες ἀκούουσιν τὸν λόγον καὶ παραδέχονται καὶ καρποφοροῦσιν ἓν τριάκοντα καὶ ἓν ἑξήκοντα καὶ ἓν ἑκατόν.	NUMERIC	1	Pointed OL form is a genuine cardinal, ordinal, fraction, or numeric scale in context.
MRK	4	20	MRK 4:20	GRK	22	ἓν	ἓν	1	cardinal	NOVEL_NUMERIC_CANDIDATE		0	καὶ ἐκεῖνοί εἰσιν οἱ ἐπὶ τὴν γῆν τὴν καλὴν σπαρέντες, οἵτινες ἀκούουσιν τὸν λόγον καὶ παραδέχονται καὶ καρποφοροῦσιν ἓν τριάκοντα καὶ ἓν ἑξήκοντα καὶ ἓν ἑκατόν.	NUMERIC	1	Pointed OL form is a genuine cardinal, ordinal, fraction, or numeric scale in context.
MRK	4	20	MRK 4:20	GRK	25	ἓν	ἓν	1	cardinal	NOVEL_NUMERIC_CANDIDATE		0	καὶ ἐκεῖνοί εἰσιν οἱ ἐπὶ τὴν γῆν τὴν καλὴν σπαρέντες, οἵτινες ἀκούουσιν τὸν λόγον καὶ παραδέχονται καὶ καρποφοροῦσιν ἓν τριάκοντα καὶ ἓν ἑξήκοντα καὶ ἓν ἑκατόν.	NUMERIC	1	Pointed OL form is a genuine cardinal, ordinal, fraction, or numeric scale in context.
MRK	9	37	MRK 9:37	GRK	3	ἓν	ἓν	1	cardinal	NOVEL_NUMERIC_CANDIDATE		0	Ὃς ἂν ἓν τῶν τοιούτων παιδίων δέξηται ἐπὶ τῷ ὀνόματί μου, ἐμὲ δέχεται· καὶ ὃς ἂν ἐμὲ δέχηται, οὐκ ἐμὲ δέχεται ἀλλὰ τὸν ἀποστείλαντά με.	NUMERIC	1	Pointed OL form is a genuine cardinal, ordinal, fraction, or numeric scale in context.
MRK	10	21	MRK 10:21	GRK	11	Ἕν	ἕν	1	cardinal	NOVEL_NUMERIC_CANDIDATE		0	ὁ δὲ Ἰησοῦς ἐμβλέψας αὐτῷ ἠγάπησεν αὐτὸν καὶ εἶπεν αὐτῷ, Ἕν σε ὑστερεῖ· ὕπαγε, ὅσα ἔχεις πώλησον καὶ δὸς [τοῖς] πτωχοῖς, καὶ ἕξεις θησαυρὸν ἐν οὐρανῷ, καὶ δεῦρο ἀκολούθει μοι.	NUMERIC	1	Pointed OL form is a genuine cardinal, ordinal, fraction, or numeric scale in context.
NEH	3	38	NEH 3:38	HEB	8	חֶצְיָ֑הּ	חֶצְיָהּ	1/2	fraction	NOVEL_NUMERIC_CANDIDATE		0	וַנִּבְנֶה֙ אֶת־הַ֣חוֹמָ֔ה וַתִּקָּשֵׁ֥ר כָּל־הַחוֹמָ֖ה עַד־חֶצְיָ֑הּ וַיְהִ֧י לֵ֦ב לָעָ֖ם לַעֲשֽׂוֹת׃ פ	NUMERIC	1/2	Pointed OL form is a genuine cardinal, ordinal, fraction, or numeric scale in context.
NEH	4	10	NEH 4:10	HEB	9	וְחֶצְיָ֗ם	וְחֶצְיָם	1/2	fraction	NOVEL_NUMERIC_CANDIDATE		0	וַיְהִ֣י_׀ מִן־הַיּ֣וֹם הַה֗וּא חֲצִ֣י נְעָרַי֮ עֹשִׂ֣ים בַּמְּלָאכָה֒ וְחֶצְיָ֗ם מַחֲזִיקִים֙ וְהָרְמָחִ֣ים הַמָּגִנִּ֔ים וְהַקְּשָׁת֖וֹת וְהַשִּׁרְיֹנִ֑ים וְהַ֨שָּׂרִ֔ים אַחֲרֵ֖י כָּל־בֵּ֥ית יְהוּדָֽה׃	NUMERIC	1/2	Pointed OL form is a genuine cardinal, ordinal, fraction, or numeric scale in context.
NEH	4	15	NEH 4:15	HEB	4	וְחֶצְיָ֗ם	וְחֶצְיָם	1/2	fraction	NOVEL_NUMERIC_CANDIDATE		0	וַאֲנַ֖חְנוּ עֹשִׂ֣ים בַּמְּלָאכָ֑ה וְחֶצְיָ֗ם מַחֲזִיקִים֙ בָּֽרְמָחִ֔ים מֵעֲל֣וֹת הַשַּׁ֔חַר עַ֖ד צֵ֥את הַכּוֹכָבִֽים׃	NUMERIC	1/2	Pointed OL form is a genuine cardinal, ordinal, fraction, or numeric scale in context.
NEH	7	66	NEH 7:66	HEB	3	כְּאֶחָ֑ד	כְּאֶחָד	1	cardinal	NOVEL_NUMERIC_CANDIDATE		0	כָּל־הַקָּהָ֖ל כְּאֶחָ֑ד אַרְבַּ֣ע רִבּ֔וֹא אַלְפַּ֖יִם שְׁלֹשׁ־מֵא֥וֹת וְשִׁשִּֽׁים׃	NUMERIC	1	Pointed OL form is a genuine cardinal, ordinal, fraction, or numeric scale in context.
NEH	9	25	NEH 9:25	HEB	5	שְׁמֵנָה֒	שְׁמֵנָה	8	cardinal	NOVEL_NUMERIC_CANDIDATE		0	וַֽיִּלְכְּד֞וּ עָרִ֣ים בְּצֻרוֹת֮ וַאֲדָמָ֣ה שְׁמֵנָה֒ וַיִּֽירְשׁ֡וּ בָּתִּ֣ים מְלֵֽאִים־כָּל־ט֠וּב בֹּר֨וֹת חֲצוּבִ֜ים כְּרָמִ֧ים וְזֵיתִ֛ים וְעֵ֥ץ מַאֲכָ֖ל לָרֹ֑ב וַיֹּאכְל֤וּ וַֽיִּשְׂבְּעוּ֙ וַיַּשְׁמִ֔ינוּ וַיִּֽתְעַדְּנ֖וּ בְּטוּבְךָ֥ הַגָּדֽוֹל׃	EXCLUDED_LEXICAL_HOMOGRAPH		Pointed OL form is lexical/non-numeric in this context; excluded from the numeric index.
NEH	9	35	NEH 9:35	HEB	10	וְהַשְּׁמֵנָ֛ה	וְהַשְּׁמֵנָה	8	cardinal	NOVEL_NUMERIC_CANDIDATE		0	וְהֵ֣ם בְּמַלְכוּתָם֩ וּבְטוּבְךָ֨ הָרָ֜ב אֲשֶׁר־נָתַ֣תָּ לָהֶ֗ם וּבְאֶ֨רֶץ הָרְחָבָ֧ה וְהַשְּׁמֵנָ֛ה אֲשֶׁר־נָתַ֥תָּ לִפְנֵיהֶ֖ם לֹ֣א עֲבָד֑וּךָ וְֽלֹא־שָׁ֔בוּ מִמַּֽעַלְלֵיהֶ֖ם הָרָעִֽים׃	EXCLUDED_LEXICAL_HOMOGRAPH		Pointed OL form is lexical/non-numeric in this context; excluded from the numeric index.
NUM	13	20	NUM 13:20	HEB	3	הַשְּׁמֵנָ֨ה	הַשְּׁמֵנָה	8	cardinal	NOVEL_NUMERIC_CANDIDATE		0	וּמָ֣ה הָ֠אָרֶץ הַשְּׁמֵנָ֨ה הִ֜וא אִם־רָזָ֗ה הֲיֵֽשׁ־בָּ֥הּ עֵץ֙ אִם־אַ֔יִן וְהִ֨תְחַזַּקְתֶּ֔ם וּלְקַחְתֶּ֖ם מִפְּרִ֣י הָאָ֑רֶץ וְהַ֨יָּמִ֔ים יְמֵ֖י בִּכּוּרֵ֥י עֲנָבִֽים׃	EXCLUDED_LEXICAL_HOMOGRAPH		Pointed OL form is lexical/non-numeric in this context; excluded from the numeric index.
NUM	13	22	NUM 13:22	HEB	8	שֵׁשַׁ֣י	שֵׁשַׁי	6	ordinal	NOVEL_NUMERIC_CANDIDATE		0	וַיַּעֲל֣וּ בַנֶּגֶב֮ וַיָּבֹ֣א עַד־חֶבְרוֹן֒ וְשָׁ֤ם אֲחִימַן֙ שֵׁשַׁ֣י וְתַלְמַ֔י יְלִידֵ֖י הָעֲנָ֑ק וְחֶבְר֗וֹן שֶׁ֤בַע שָׁנִים֙ נִבְנְתָ֔ה לִפְנֵ֖י צֹ֥עַן מִצְרָֽיִם׃	EXCLUDED_LEXICAL_HOMOGRAPH		Pointed OL form is lexical/non-numeric in this context; excluded from the numeric index.
NUM	14	18	NUM 14:18	HEB	18	שִׁלֵּשִׁ֖ים	שִׁלֵּשִׁים	30	cardinal	NOVEL_NUMERIC_CANDIDATE		0	יְהוָ֗ה אֶ֤רֶךְ אַפַּ֙יִם֙ וְרַב־חֶ֔סֶד נֹשֵׂ֥א עָוֺ֖ן וָפָ֑שַׁע וְנַקֵּה֙ לֹ֣א יְנַקֶּ֔ה פֹּקֵ֞ד עֲוֺ֤ן אָבוֹת֙ עַל־בָּנִ֔ים עַל־שִׁלֵּשִׁ֖ים וְעַל־רִבֵּעִֽים׃	NUMERIC	3	Pointed OL form is a genuine cardinal, ordinal, fraction, or numeric scale in context.
NUM	18	28	NUM 18:28	HEB	8	מַעְשְׂרֹ֣תֵיכֶ֔ם	מַעְשְׂרֹתֵיכֶם	10	cardinal	NOVEL_NUMERIC_CANDIDATE		0	כֵּ֣ן תָּרִ֤ימוּ גַם־אַתֶּם֙ תְּרוּמַ֣ת יְהוָ֔ה מִכֹּל֙ מַעְשְׂרֹ֣תֵיכֶ֔ם אֲשֶׁ֣ר תִּקְח֔וּ מֵאֵ֖ת בְּנֵ֣י יִשְׂרָאֵ֑ל וּנְתַתֶּ֤ם מִמֶּ֙נּוּ֙ אֶת־תְּרוּמַ֣ת יְהוָ֔ה לְאַהֲרֹ֖ן הַכֹּהֵֽן׃	NUMERIC	1/10	Pointed OL form is a genuine cardinal, ordinal, fraction, or numeric scale in context.
NUM	19	6	NUM 19:6	HEB	6	וּשְׁנִ֣י	וּשְׁנִי	2	cardinal_or_ordinal	NOVEL_NUMERIC_CANDIDATE		0	וְלָקַ֣ח הַכֹּהֵ֗ן עֵ֥ץ אֶ֛רֶז וְאֵז֖וֹב וּשְׁנִ֣י תוֹלָ֑עַת וְהִשְׁלִ֕יךְ אֶל־תּ֖וֹךְ שְׂרֵפַ֥ת הַפָּרָֽה׃	EXCLUDED_LEXICAL_HOMOGRAPH		Pointed OL form is lexical/non-numeric in this context; excluded from the numeric index.
NUM	24	8	NUM 24:8	HEB	12	וְחִצָּ֥יו	וְחִצָּיו	1/2	fraction	NOVEL_NUMERIC_CANDIDATE		0	אֵ֚ל מוֹצִיא֣וֹ מִמִּצְרַ֔יִם כְּתוֹעֲפֹ֥ת רְאֵ֖ם ל֑וֹ יֹאכַ֞ל גּוֹיִ֣ם צָרָ֗יו וְעַצְמֹתֵיהֶ֛ם יְגָרֵ֖ם וְחִצָּ֥יו יִמְחָֽץ׃	EXCLUDED_LEXICAL_HOMOGRAPH		Pointed OL form is lexical/non-numeric in this context; excluded from the numeric index.
NUM	30	3	NUM 30:3	HEB	7	הִשָּׁ֤בַע	הִשָּׁבַע	7	cardinal	NOVEL_NUMERIC_CANDIDATE		0	אִישׁ֩ כִּֽי־יִדֹּ֨ר נֶ֜דֶר לַֽיהוָ֗ה אֽוֹ־הִשָּׁ֤בַע שְׁבֻעָה֙ לֶאְסֹ֤ר אִסָּר֙ עַל־נַפְשׁ֔וֹ לֹ֥א יַחֵ֖ל דְּבָר֑וֹ כְּכָל־הַיֹּצֵ֥א מִפִּ֖יו יַעֲשֶֽׂה׃	EXCLUDED_LEXICAL_HOMOGRAPH		Pointed OL form is lexical/non-numeric in this context; excluded from the numeric index.
NUM	31	27	NUM 31:27	HEB	1	וְחָצִ֙יתָ֙	וְחָצִיתָ	1/2	fraction	NOVEL_NUMERIC_CANDIDATE		0	וְחָצִ֙יתָ֙ אֶת־הַמַּלְק֔וֹחַ בֵּ֚ין תֹּפְשֵׂ֣י הַמִּלְחָמָ֔ה הַיֹּצְאִ֖ים לַצָּבָ֑א וּבֵ֖ין כָּל־הָעֵדָֽה׃	NUMERIC	1/2	Pointed OL form is a genuine cardinal, ordinal, fraction, or numeric scale in context.
NUM	31	29	NUM 31:29	HEB	1	מִמַּֽחֲצִיתָ֖ם	מִמַּחֲצִיתָם	1/2	fraction	NOVEL_NUMERIC_CANDIDATE		0	מִמַּֽחֲצִיתָ֖ם תִּקָּ֑חוּ וְנָתַתָּ֛ה לְאֶלְעָזָ֥ר הַכֹּהֵ֖ן תְּרוּמַ֥ת יְהוָֽה׃	NUMERIC	1/2	Pointed OL form is a genuine cardinal, ordinal, fraction, or numeric scale in context.
OBA	1	11	OBA 1:11	HEB	18	כְּאַחַ֥ד	כְּאַחַד	1	cardinal	NOVEL_NUMERIC_CANDIDATE		0	בְּיוֹם֙ עֲמָֽדְךָ֣ מִנֶּ֔גֶד בְּי֛וֹם שְׁב֥וֹת זָרִ֖ים חֵיל֑וֹ וְנָכְרִ֞ים בָּ֣אוּ *שַׁעֲרוֹ **שְׁעָרָ֗יו וְעַל־יְרוּשָׁלַ͏ִ֙ם֙ יַדּ֣וּ גוֹרָ֔ל גַּם־אַתָּ֖ה כְּאַחַ֥ד מֵהֶֽם׃	NUMERIC	1	Pointed OL form is a genuine cardinal, ordinal, fraction, or numeric scale in context.
PHP	2	2	PHP 2:2	GRK	15	ἓν	ἓν	1	cardinal	NOVEL_NUMERIC_CANDIDATE		0	πληρώσατέ μου τὴν χαρὰν ἵνα τὸ αὐτὸ φρονῆτε, τὴν αὐτὴν ἀγάπην ἔχοντες, σύμψυχοι, τὸ ἓν φρονοῦντες,	NUMERIC	1	Pointed OL form is a genuine cardinal, ordinal, fraction, or numeric scale in context.
PHP	3	13	PHP 3:13	GRK	7	ἓν	ἓν	1	cardinal	NOVEL_NUMERIC_CANDIDATE		0	ἀδελφοί, ἐγὼ ἐμαυτὸν οὐ λογίζομαι κατειληφέναι· ἓν δέ, τὰ μὲν ὀπίσω ἐπιλανθανόμενος τοῖς δὲ ἔμπροσθεν ἐπεκτεινόμενος,	NUMERIC	1	Pointed OL form is a genuine cardinal, ordinal, fraction, or numeric scale in context.
PRO	3	10	PRO 3:10	HEB	3	שָׂבָ֑ע	שָׂבָע	7	cardinal	NOVEL_NUMERIC_CANDIDATE		0	וְיִמָּלְא֣וּ אֲסָמֶ֣יךָ שָׂבָ֑ע וְ֝תִיר֗וֹשׁ יְקָבֶ֥יךָ יִפְרֹֽצוּ׃ פ	EXCLUDED_LEXICAL_HOMOGRAPH		Pointed OL form is lexical/non-numeric in this context; excluded from the numeric index.
PRO	6	16	PRO 6:16	HEB	1	שֶׁשׁ	שֶׁשׁ	6	cardinal	NOVEL_NUMERIC_CANDIDATE		0	שֶׁשׁ־הֵ֭נָּה שָׂנֵ֣א יְהוָ֑ה וְ֝שֶׁ֗בַע *תּוֹעֲבוֹת **תּוֹעֲבַ֥ת נַפְשֽׁוֹ׃	NUMERIC	6	Pointed OL form is a genuine cardinal, ordinal, fraction, or numeric scale in context.
PRO	10	26	PRO 10:26	HEB	2	לַשִּׁנַּ֗יִם	לַשִּׁנַּיִם	2	cardinal_or_ordinal	NOVEL_NUMERIC_CANDIDATE		0	כַּחֹ֤מֶץ_׀ לַשִּׁנַּ֗יִם וְכֶעָשָׁ֥ן לָעֵינָ֑יִם כֵּ֥ן הֶ֝עָצֵ֗ל לְשֹׁלְחָֽיו׃	EXCLUDED_LEXICAL_HOMOGRAPH		Pointed OL form is lexical/non-numeric in this context; excluded from the numeric index.
PRO	27	7	PRO 27:7	HEB	2	שְׂ֭בֵעָה	שְׂבֵעָה	7	cardinal	NOVEL_NUMERIC_CANDIDATE		0	נֶ֣פֶשׁ שְׂ֭בֵעָה תָּב֣וּס נֹ֑פֶת וְנֶ֥פֶשׁ רְ֝עֵבָ֗ה כָּל־מַ֥ר מָתֽוֹק׃	EXCLUDED_LEXICAL_HOMOGRAPH		Pointed OL form is lexical/non-numeric in this context; excluded from the numeric index.
PSA	3	8	PSA 3:8	HEB	11	שִׁנֵּ֖י	שִׁנֵּי	2	cardinal_or_ordinal	NOVEL_NUMERIC_CANDIDATE		0	ק֘וּמָ֤ה יְהוָ֨ה_׀ הוֹשִׁ֘יעֵ֤נִי אֱלֹהַ֗י כִּֽי־הִכִּ֣יתָ אֶת־כָּל־אֹיְבַ֣י לֶ֑חִי שִׁנֵּ֖י רְשָׁעִ֣ים שִׁבַּֽרְתָּ׃	EXCLUDED_LEXICAL_HOMOGRAPH		Pointed OL form is lexical/non-numeric in this context; excluded from the numeric index.
PSA	6	1	PSA 6:1	HEB	4	הַשְּׁמִינִ֗ית	הַשְּׁמִינִית	8	ordinal	NOVEL_NUMERIC_CANDIDATE		0	לַמְנַצֵּ֣חַ בִּ֭נְגִינוֹת עַֽל־הַשְּׁמִינִ֗ית מִזְמ֥וֹר לְדָוִֽד׃	EXCLUDED_LEXICAL_HOMOGRAPH		Pointed OL form is lexical/non-numeric in this context; excluded from the numeric index.
PSA	7	14	PSA 7:14	HEB	5	חִ֝צָּ֗יו	חִצָּיו	1/2	fraction	NOVEL_NUMERIC_CANDIDATE		0	וְ֭לוֹ הֵכִ֣ין כְּלֵי־מָ֑וֶת חִ֝צָּ֗יו לְֽדֹלְקִ֥ים יִפְעָֽל׃	EXCLUDED_LEXICAL_HOMOGRAPH		Pointed OL form is lexical/non-numeric in this context; excluded from the numeric index.
PSA	12	1	PSA 12:1	HEB	3	הַשְּׁמִינִ֗ית	הַשְּׁמִינִית	8	ordinal	NOVEL_NUMERIC_CANDIDATE		0	לַמְנַצֵּ֥חַ עַֽל־הַשְּׁמִינִ֗ית מִזְמ֥וֹר לְדָוִֽד׃	EXCLUDED_LEXICAL_HOMOGRAPH		Pointed OL form is lexical/non-numeric in this context; excluded from the numeric index.
PSA	18	15	PSA 18:15	HEB	2	חִ֭צָּיו	חִצָּיו	1/2	fraction	NOVEL_NUMERIC_CANDIDATE		0	וַיִּשְׁלַ֣ח חִ֭צָּיו וַיְפִיצֵ֑ם וּבְרָקִ֥ים רָ֝ב וַיְהֻמֵּֽם׃	EXCLUDED_LEXICAL_HOMOGRAPH		Pointed OL form is lexical/non-numeric in this context; excluded from the numeric index.
PSA	51	2	PSA 51:2	HEB	9	שָֽׁבַע׃	שָׁבַע	7	cardinal	NOVEL_NUMERIC_CANDIDATE		0	בְּֽבוֹא־אֵ֭לָיו נָתָ֣ן הַנָּבִ֑יא כַּֽאֲשֶׁר־בָּ֝֗א אֶל־בַּת־שָֽׁבַע׃	EXCLUDED_LEXICAL_HOMOGRAPH		Pointed OL form is lexical/non-numeric in this context; excluded from the numeric index.
PSA	58	8	PSA 58:8	HEB	8	חִ֝צָּ֗יו	חִצָּיו	1/2	fraction	NOVEL_NUMERIC_CANDIDATE		0	יִמָּאֲס֣וּ כְמוֹ־מַ֭יִם יִתְהַלְּכוּ־לָ֑מוֹ יִדְרֹ֥ךְ *חִצּוֹ **חִ֝צָּ֗יו כְּמ֣וֹ יִתְמֹלָֽלוּ׃	EXCLUDED_LEXICAL_HOMOGRAPH		Pointed OL form is lexical/non-numeric in this context; excluded from the numeric index.
PSA	69	20	PSA 69:20	HEB	4	וּ֭בָשְׁתִּי	וּבָשְׁתִּי	2	cardinal_or_ordinal	NOVEL_NUMERIC_CANDIDATE		0	אַתָּ֤ה יָדַ֗עְתָּ חֶרְפָּתִ֣י וּ֭בָשְׁתִּי וּכְלִמָּתִ֑י נֶ֝גְדְּךָ֗ כָּל־צוֹרְרָֽי׃	EXCLUDED_LEXICAL_HOMOGRAPH		Pointed OL form is lexical/non-numeric in this context; excluded from the numeric index.
PSA	101	5	PSA 101:5	HEB	1	מְלוֹשְׁנִי	מְלוֹשְׁנִי	2	cardinal_or_ordinal	NOVEL_NUMERIC_CANDIDATE		0	*מְלוֹשְׁנִי **מְלָשְׁנִ֬י בַסֵּ֨תֶר_׀ רֵעֵהוּ֮ אוֹת֪וֹ אַ֫צְמִ֥ית גְּֽבַהּ־עֵ֭ינַיִם וּרְחַ֣ב לֵבָ֑ב אֹ֝ת֗וֹ לֹ֣א אוּכָֽל׃	EXCLUDED_LEXICAL_HOMOGRAPH		Pointed OL form is lexical/non-numeric in this context; excluded from the numeric index.
REV	4	8	REV 4:8	GRK	5	ἓν	ἓν	1	cardinal	NOVEL_NUMERIC_CANDIDATE		0	καὶ τὰ τέσσαρα ζῷα, ἓν καθ’ ἓν αὐτῶν ἔχων ἀνὰ πτέρυγας ἕξ, κυκλόθεν καὶ ἔσωθεν γέμουσιν ὀφθαλμῶν, καὶ ἀνάπαυσιν οὐκ ἔχουσιν ἡμέρας καὶ νυκτὸς λέγοντες, Ἅγιος ἅγιος ἅγιος κύριος ὁ θεὸς ὁ παντοκράτωρ, ὁ ἦν καὶ ὁ ὢν καὶ ὁ ἐρχόμενος.	NUMERIC	1	Distributive one-by-one expression; genuine numeric semantics retained even where NIV lexicalizes it as “each”.
REV	4	8	REV 4:8	GRK	7	ἓν	ἓν	1	cardinal	NOVEL_NUMERIC_CANDIDATE		0	καὶ τὰ τέσσαρα ζῷα, ἓν καθ’ ἓν αὐτῶν ἔχων ἀνὰ πτέρυγας ἕξ, κυκλόθεν καὶ ἔσωθεν γέμουσιν ὀφθαλμῶν, καὶ ἀνάπαυσιν οὐκ ἔχουσιν ἡμέρας καὶ νυκτὸς λέγοντες, Ἅγιος ἅγιος ἅγιος κύριος ὁ θεὸς ὁ παντοκράτωρ, ὁ ἦν καὶ ὁ ὢν καὶ ὁ ἐρχόμενος.	NUMERIC	1	Distributive one-by-one expression; genuine numeric semantics retained even where NIV lexicalizes it as “each”.
REV	14	20	REV 14:20	GRK	21	χιλίων	χιλίων	1000	scale1000	NOVEL_NUMERIC_CANDIDATE		0	καὶ ἐπατήθη ἡ ληνὸς ἔξωθεν τῆς πόλεως καὶ ἐξῆλθεν αἷμα ἐκ τῆς ληνοῦ ἄχρι τῶν χαλινῶν τῶν ἵππων ἀπὸ σταδίων χιλίων ἑξακοσίων.	NUMERIC	1000	Pointed OL form is a genuine cardinal, ordinal, fraction, or numeric scale in context.
REV	15	7	REV 15:7	GRK	2	ἓν	ἓν	1	cardinal	NOVEL_NUMERIC_CANDIDATE		0	καὶ ἓν ἐκ τῶν τεσσάρων ζῴων ἔδωκεν τοῖς ἑπτὰ ἀγγέλοις ἑπτὰ φιάλας χρυσᾶς γεμούσας τοῦ θυμοῦ τοῦ θεοῦ τοῦ ζῶντος εἰς τοὺς αἰῶνας τῶν αἰώνων.	NUMERIC	1	Pointed OL form is a genuine cardinal, ordinal, fraction, or numeric scale in context.
ROM	12	5	ROM 12:5	GRK	4	ἓν	ἓν	1	cardinal	NOVEL_NUMERIC_CANDIDATE		0	οὕτως οἱ πολλοὶ ἓν σῶμά ἐσμεν ἐν Χριστῷ, τὸ δὲ καθ’ εἷς ἀλλήλων μέλη.	NUMERIC	1	Pointed OL form is a genuine cardinal, ordinal, fraction, or numeric scale in context.
RUT	1	5	RUT 1:5	HEB	8	מִשְּׁנֵ֥י	מִשְּׁנֵי	2	cardinal_or_ordinal	NOVEL_NUMERIC_CANDIDATE		0	וַיָּמ֥וּתוּ גַם־שְׁנֵיהֶ֖ם מַחְל֣וֹן וְכִלְי֑וֹן וַתִּשָּׁאֵר֙ הָֽאִשָּׁ֔ה מִשְּׁנֵ֥י יְלָדֶ֖יהָ וּמֵאִישָֽׁהּ׃	NUMERIC	2	Pointed OL form is a genuine cardinal, ordinal, fraction, or numeric scale in context.
RUT	2	18	RUT 2:18	HEB	15	מִשָּׂבְעָֽהּ׃	מִשָּׂבְעָהּ	7	cardinal	NOVEL_NUMERIC_CANDIDATE		0	וַתִּשָּׂא֙ וַתָּב֣וֹא הָעִ֔יר וַתֵּ֥רֶא חֲמוֹתָ֖הּ אֵ֣ת אֲשֶׁר־לִקֵּ֑טָה וַתּוֹצֵא֙ וַתִּתֶּן־לָ֔הּ אֵ֥ת אֲשֶׁר־הוֹתִ֖רָה מִשָּׂבְעָֽהּ׃	EXCLUDED_LEXICAL_HOMOGRAPH		Pointed OL form is lexical/non-numeric in this context; excluded from the numeric index.
ZEC	3	9	ZEC 3:9	HEB	19	וּמַשְׁתִּ֛י	וּמַשְׁתִּי	2	cardinal_or_ordinal	NOVEL_NUMERIC_CANDIDATE		0	כִּ֣י_׀ הִנֵּ֣ה הָאֶ֗בֶן אֲשֶׁ֤ר נָתַ֙תִּי֙ לִפְנֵ֣י יְהוֹשֻׁ֔עַ עַל־אֶ֥בֶן אַחַ֖ת שִׁבְעָ֣ה עֵינָ֑יִם הִנְנִ֧י מְפַתֵּ֣חַ פִּתֻּחָ֗הּ נְאֻם֙ יְהוָ֣ה צְבָא֔וֹת וּמַשְׁתִּ֛י אֶת־עֲוֺ֥ן הָאָֽרֶץ־הַהִ֖יא בְּי֥וֹם אֶחָֽד׃	EXCLUDED_LEXICAL_HOMOGRAPH		Pointed OL form is lexical/non-numeric in this context; excluded from the numeric index.
ZEC	4	11	ZEC 4:11	HEB	5	שְּׁנֵ֤י	שְּׁנֵי	2	cardinal_or_ordinal	NOVEL_NUMERIC_CANDIDATE		0	וָאַ֖עַן וָאֹמַ֣ר אֵלָ֑יו מַה־שְּׁנֵ֤י הַזֵּיתִים֙ הָאֵ֔לֶה עַל־יְמִ֥ין הַמְּנוֹרָ֖ה וְעַל־שְׂמֹאולָֽהּ׃	NUMERIC	2	Pointed OL form is a genuine cardinal, ordinal, fraction, or numeric scale in context.
ZEC	7	6	ZEC 7:6	HEB	9	הַשֹּׁתִֽים׃	הַשֹּׁתִים	2	cardinal_or_ordinal	NOVEL_NUMERIC_CANDIDATE		0	וְכִ֥י תֹאכְל֖וּ וְכִ֣י תִשְׁתּ֑וּ הֲל֤וֹא אַתֶּם֙ הָאֹ֣כְלִ֔ים וְאַתֶּ֖ם הַשֹּׁתִֽים׃	EXCLUDED_LEXICAL_HOMOGRAPH		Pointed OL form is lexical/non-numeric in this context; excluded from the numeric index.
ZEC	14	4	ZEC 14:4	HEB	16	מֵֽחֶצְיוֹ֙	מֵחֶצְיוֹ	1/2	fraction	NOVEL_NUMERIC_CANDIDATE		0	וְעָמְד֣וּ רַגְלָ֣יו בַּיּוֹם־הַ֠הוּא עַל־הַ֨ר הַזֵּתִ֜ים אֲשֶׁ֨ר עַל־פְּנֵ֥י יְרוּשָׁלַ͏ִם֮ מִקֶּדֶם֒ וְנִבְקַע֩ הַ֨ר הַזֵּיתִ֤ים מֵֽחֶצְיוֹ֙ מִזְרָ֣חָה וָיָ֔מָּה גֵּ֖יא גְּדוֹלָ֣ה מְאֹ֑ד וּמָ֨שׁ חֲצִ֥י הָהָ֛ר צָפ֖וֹנָה וְחֶצְיוֹ־נֶֽגְבָּה׃	EXCLUDED_LEXICAL_HOMOGRAPH		Here means from its middle/halfway point, not an independently quantified half.
ZEC	14	4	ZEC 14:4	HEB	26	וְחֶצְיוֹ	וְחֶצְיוֹ	1/2	fraction	NOVEL_NUMERIC_CANDIDATE		0	וְעָמְד֣וּ רַגְלָ֣יו בַּיּוֹם־הַ֠הוּא עַל־הַ֨ר הַזֵּתִ֜ים אֲשֶׁ֨ר עַל־פְּנֵ֥י יְרוּשָׁלַ͏ִם֮ מִקֶּדֶם֒ וְנִבְקַע֩ הַ֨ר הַזֵּיתִ֤ים מֵֽחֶצְיוֹ֙ מִזְרָ֣חָה וָיָ֔מָּה גֵּ֖יא גְּדוֹלָ֣ה מְאֹ֑ד וּמָ֨שׁ חֲצִ֥י הָהָ֛ר צָפ֖וֹנָה וְחֶצְיוֹ־נֶֽגְבָּה׃	NUMERIC	1/2	Pointed OL form is a genuine cardinal, ordinal, fraction, or numeric scale in context.
ZEC	14	8	ZEC 14:8	HEB	8	חֶצְיָ֗ם	חֶצְיָם	1/2	fraction	NOVEL_NUMERIC_CANDIDATE		0	וְהָיָ֣ה_׀ בַּיּ֣וֹם הַה֗וּא יֵצְא֤וּ מַֽיִם־חַיִּים֙ מִיר֣וּשָׁלַ͏ִ֔ם חֶצְיָ֗ם אֶל־הַיָּם֙ הַקַּדְמוֹנִ֔י וְחֶצְיָ֖ם אֶל־הַיָּ֣ם הָאַחֲר֑וֹן בַּקַּ֥יִץ וּבָחֹ֖רֶף יִֽהְיֶֽה׃	NUMERIC	1/2	Pointed OL form is a genuine cardinal, ordinal, fraction, or numeric scale in context.
ZEC	14	8	ZEC 14:8	HEB	12	וְחֶצְיָ֖ם	וְחֶצְיָם	1/2	fraction	NOVEL_NUMERIC_CANDIDATE		0	וְהָיָ֣ה_׀ בַּיּ֣וֹם הַה֗וּא יֵצְא֤וּ מַֽיִם־חַיִּים֙ מִיר֣וּשָׁלַ͏ִ֔ם חֶצְיָ֗ם אֶל־הַיָּם֙ הַקַּדְמוֹנִ֔י וְחֶצְיָ֖ם אֶל־הַיָּ֣ם הָאַחֲר֑וֹן בַּקַּ֥יִץ וּבָחֹ֖רֶף יִֽהְיֶֽה׃	NUMERIC	1/2	Pointed OL form is a genuine cardinal, ordinal, fraction, or numeric scale in context.
